Date	thermD	delT	U	AirP	Hum	AirT	SWR	CC	Prec	Ice_d	days from iceoff date	MM	MLD	W	SRP	TotP	NH4	NO3	Si	Chl
2004-04-05	-0.25	-0.0036878586	3.7684875	1009.6472916666668	69.83347222222223	7.908888888888889	233.5157986111111	0.6770833333333334	0.0124999999999999	56.0	34.0	4	-5.25	0.002457025251431488	3.0	76.0	0.01	0.0	2.1	27.0
2004-04-12	-0.25	0.016137123	1.9404375	1022.6561458333334	73.05486111111111	6.609027777777778	253.11819444444447	0.7708333333333334	0.0	56.0	41.0	4	-5.25	0.0253756884072209	6.0	73.0	0.01	0.0	1.7	16.299999237060547
2004-04-19	-0.25	0.017961502	3.3447	996.06375	77.19850694444445	10.813125	271.84746527777776	0.78125	0.0166666666666666	56.0	48.0	4	-5.25	0.008386159085062824	8.0	65.0	0.01	0.0	1.6	11.0
2004-04-26	-0.25	0.0015954971	2.70555	1022.2420138888888	78.61486111111111	10.470555555555556	289.4247569444445	0.9875	0.0375	56.0	55.0	4	-5.25	0.004776928095569461	13.0	59.0	0.01	0.0	1.8	10.899999618530272
2004-05-03	-0.25	0.001414299	3.735070833333333	1003.5254513888888	64.71309027777778	14.429583333333332	311.4285185185185	0.80625	0.0208333333333333	56.0	62.0	5	-5.25	0.0007026920611670367	21.0	56.0	0.07	0.02	2.2	6.300000190734863
2004-05-10	-0.25	-0.00026226044	3.708923863636364	1005.7196243686868	78.58976641414141	13.811066919191918	320.2249273989899	0.8020833333333334	0.0666666666666666	56.0	69.0	5	-5.25	0.00011171053742659205	38.0	72.0	0.15	0.04	2.3	2.799999952316284
2004-05-17	-0.25	0.0032615662	1.9820625000000005	1022.85875	61.9046875	14.578854166666666	332.7028125	0.875	0.0	56.0	76.0	5	-5.25	0.007852994423167467	47.0	80.0	0.21	0.06	2.5	2.5
2004-05-24	-0.25	-0.0031785965	4.7817375	1019.4079513888888	66.71190972222222	9.430694444444445	343.2527777777778	0.6354166666666666	0.0083333333333333	56.0	83.0	5	-5.25	0.0016723938977262576	46.0	94.0	0.22	0.1	2.8	4.900000095367432
2004-05-31	-3.3183	0.42267227	4.122262500000001	1017.9094097222222	35.49458333333333	17.885347222222222	351.5642361111111	0.7458333333333332	0.0041666666666666	56.0	90.0	5	-3.582640588758816	0.25207542771026215	19.0	70.0	0.09	0.09	2.2	18.100000381469727
2004-06-07	-4.5167	0.17709541	1.7301375000000003	1019.4433333333332	60.82874999999999	17.737395833333334	357.49763888888884	0.44375	0.0	56.0	97.0	6	-4.6821206938626965	1.400728372605204	6.0	52.0	0.06	0.03	1.3	17.600000381469727
2004-06-14	-0.25	0.0014896393	5.196525	1024.1785069444445	62.29517361111112	16.00451388888889	360.9549652777778	0.5583333333333333	0.0	56.0	104.0	6	-5.25	0.0016342218046601013	11.0	66.0	0.09	0.04	0.6	18.5
2004-06-21	-0.25	0.023117065	3.2002875	1010.2869097222224	57.05291666666667	15.65392361111111	361.88229166666673	0.5395833333333333	0.0	56.0	111.0	6	-5.25	0.07219071575245456	34.0	94.0	0.07	0.06	0.8	21.600000381469727
2004-06-28	-3.809	0.15747261	5.3425875000000005	1017.8274652777776	60.51868055555556	16.678333333333335	360.2712152777778	0.4916666666666667	0.0541666666666666	56.0	118.0	6	-5.25	0.14655367002003075	43.0	108.0	0.03	0.0	0.3	29.39999961853028
2004-07-05	-0.25	0.026229858	2.1156	1014.7170138888888	70.0826736111111	16.055243055555554	356.1675694444445	0.63125	0.05	56.0	125.0	7	-5.25	0.062033258964252914	61.0	138.0	0.01	0.0	0.4	24.39999961853028
2004-07-12	-0.25	-0.0009460449	5.7825	1004.5824305555556	82.10961805555556	14.122569444444444	349.6633680555556	0.9395833333333332	0.3166666666666666	56.0	132.0	7	-5.25	0.00029848272190532917	80.0	172.0	0.01	0.0	0.7	27.89999961853028
2004-07-19	-4.4316	0.3197708	3.35265	1016.5670138888888	69.47434027777778	19.80888888888889	340.8957291666666	0.7270833333333333	0.0541666666666666	56.0	139.0	7	-4.067225416787863	0.33894288202367073	84.0	133.0	0.01	0.0		11.199999809265137
2004-07-26	-0.25	0.008554459	2.3724375	1013.1297916666668	77.64409722222221	15.346111111111112	330.0292708333333	0.8270833333333334	0.1666666666666666	56.0	146.0	7	-5.25	0.06526751277814181	88.0	142.0	0.03	0.0	2.0	14.899999618530272
2004-08-02	-2.4982	0.32584	1.683075	1014.441875	60.22371527777778	20.093333333333334	317.2403125	0.3520833333333333	0.0	56.0	153.0	8	-2.659912739526948	1.0864762502296992	90.0	138.0	0.04	0.0	2.7	10.100000381469728
2004-08-09	-0.25	-0.0016994476	3.051347727272728	1015.9041414141416	47.66707386363637	23.07665719696969	302.60672032828285	0.0666666666666666	0.0	56.0	160.0	8	-5.25	0.0015044594521923557	138.0	196.0	0.08	0.02	3.9	8.300000190734863
2004-08-16	-0.25	-0.0012454987	3.4859625	1010.1996527777778	59.507604166666674	21.463125	286.72510416666665	0.6437499999999999	0.0	56.0	167.0	8	-5.25	0.0027747731940671073	200.0	267.0	0.05	0.04	4.4	9.5
2004-08-23	-0.25	-0.0018177032	2.3445750000000003	1020.8502083333332	54.35621527777778	16.327604166666667	269.44697916666667	0.525	0.0	56.0	174.0	8	-5.25	0.007628455785817947	206.0	285.0	0.13	0.07	4.6	34.29999923706055
2004-08-30	-0.25	0.10713005	4.2445125	1009.5807986111112	79.81239583333333	16.121354166666666	251.1380902777778	0.6791666666666667	0.2041666666666666	56.0	181.0	8	-5.25	0.2888993136282584	141.0	241.0	0.03	0.05	2.6	46.0
2004-09-06	-0.86256	0.1996994	1.2701625	1027.3064583333332	61.03767361111111	19.11239583333333	232.05736111111108	0.1041666666666666	0.0	56.0	188.0	9	-1.5817961407474115	0.5029542265795846	71.0	120.0	0.01	0.0	0.2	7.800000190734863
2004-09-13	-0.25	-0.0030593872	5.37015	1012.0135069444444	56.49156250000001	15.651215277777778	212.47875	0.5875	0.0	56.0	195.0	9	-5.25	0.0010666108037502185	114.0	202.0	0.03	0.0	1.2	32.5
2004-09-20	-0.25	0.056728363	4.580362500000001	1012.1329861111112	64.86638888888889	14.560694444444444	192.71034722222225	0.725	0.0	56.0	202.0	9	-5.25	0.2033549953585055	118.0	202.0	0.01	0.0	1.3	31.600000381469727
2004-09-27	-0.25	-0.0006971359	3.877083333333333	1016.0682291666668	86.12503472222222	12.21527777777778	140.8716550925926	0.75625	0.0124999999999999	56.0	209.0	9	-5.25	0.0001351626657398325	141.0	218.0	0.01	0.0	1.9	29.0
2004-10-04	-0.25	-0.0019035339	3.665854318181818	1017.9369400252524	68.56755913299664	13.40405765993266	153.92007154882154	0.7583333333333333	0.0	56.0	216.0	10	-5.25	0.0032312406833323263	154.0	225.0	0.01	0.0	2.6	27.89999961853028
2004-10-11	-0.25	-0.004275322	4.551900000000001	1027.9985416666666	62.78486111111111	6.344409722222223	135.3426736111111	0.0854166666666666	0.0	56.0	223.0	10	-5.25	0.002543160206418402	164.0	226.0	0.03	0.0	5.7	23.799999237060547
2004-10-18	-0.25	-0.0006837845	8.027700000000001	1001.1306597222224	75.49010416666665	9.174097222222224	117.92631944444445	0.9	0.1416666666666667	56.0	230.0	10	-5.25	0.00011411817440059142	146.0	198.0	0.03	0.02	4.3	14.800000190734863
2004-10-25	-0.25	0.005138397	3.401458928571429	1008.3782936507936	71.96381448412698	13.669151785714286	102.320376984127	0.6458333333333334	0.0041666666666666	56.0	237.0	10	-5.25	0.0048685539732670185	127.0	170.0	0.03	0.04	4.8	8.699999809265137
2004-11-08	-0.25	-0.004425049	1.9181625	1020.2704513888888	84.84291666666667	3.0531597222222224	74.70368055555556	0.8562500000000001	0.0	56.0	251.0	11	-5.25	0.009907744077641329	113.0	146.0	0.1	0.12	5.3	2.5999999046325684
2004-11-22	-0.25	-0.0001320839	6.3500000000000005	1010.0583333333334	93.5	4.7375	9.25925925925926	0.94375	0.3125	56.0	265.0	11	-5.25	0.0	89.0	114.0	0.11	0.21	5.7	1.399999976158142
2005-03-14	-0.25	0.00023841858	4.904166666666667	1013.3208333333332	78.20833333333333	2.5125	118.98148148148148	0.65	0.0	8.0	-1.0	3	-5.25	0.00045935257571363974	2.0	44.0	0.01	0.54	5.4	40.09999847412109
2005-03-21	-0.25	0.0005016327	2.895833333333333	1024.0416666666667	57.083333333333336	1.0208333333333333	202.3148148148148	0.1270833333333333	0.0	8.0	6.0	3	-5.25	0.0011866205272504102	4.0	60.0	0.01	0.64	5.1	24.700000762939453
2005-03-28	-0.25	0.0009822845	4.241666666666666	1015.5458333333332	67.25	6.958333333333333	200.3472222222222	0.3270833333333333	0.0	8.0	13.0	3	-5.25	0.003210616121092975	5.0	60.0	0.01	0.64	5.0	15.399999618530272
2005-04-04	-0.25	0.001947403	2.9125	1023.9333333333334	42.458333333333336	11.4375	221.5277777777778	0.4916666666666667	0.0	8.0	20.0	4	-5.25	0.006456069606373392	3.0	64.0	0.01	0.56	4.8	29.100000381469727
2005-04-11	-0.25	-0.004374504	2.79375	1026.1436805555556	68.90232638888888	8.519166666666667	249.67239583333333	0.4791666666666667	0.0	8.0	27.0	4	-5.25	0.003590290719964699	3.0	68.0	0.01	0.43	4.3	42.0
2005-04-18	-0.25	-0.002166748	2.9998500000000003	1001.0031597222222	68.749375	11.649166666666666	268.5784722222222	0.39375	0.0	8.0	34.0	4	-5.25	0.00209500150709197	4.0	74.0	0.01	0.21	3.2	64.30000305175781
2005-04-25	-0.25	-0.0019207001	5.845162500000001	1011.5387847222222	40.43659722222223	10.42201388888889	286.3846180555556	0.8062499999999999	0.0	8.0	41.0	4	-5.25	0.0003346322418335214	3.0	90.0	0.01		2.2	50.400001525878906
2005-05-02	-0.98295	0.61147785	3.4297875	1011.8689583333334	50.33920138888889	20.9975	302.8139930555556	0.6812499999999999	0.0	8.0	48.0	5	-1.4290816018376578	0.2022431384619221	4.0	54.0	0.01	0.01	1.2	16.200000762939453
2005-05-09	-0.25	-0.0048303604	4.459650000000001	1008.472326388889	72.17430555555556	8.463090277777779	317.62368055555555	0.6020833333333333	0.0541666666666666	8.0	55.0	5	-5.25	0.0027974794597826376	29.0	54.0	0.14	0.01	1.7	2.400000095367432
2005-05-16	-0.25	-0.0010414124	4.327050000000001	1011.6839930555556	62.062291666666674	11.522777777777778	330.5942361111111	0.6687500000000001	0.0916666666666666	8.0	62.0	5	-5.25	0.0002075139263257813	38.0	68.0	0.19	0.07	2.0	2.5999999046325684
2005-05-23	-2.4848	0.3574934	1.4244	1014.3864930555555	85.26520833333333	15.57409722222222	341.5286111111111	0.8895833333333334	0.1833333333333333	8.0	69.0	5	-1.7598088098766032	0.668584355424901	30.0	67.0	0.11	0.07	1.8	8.300000190734863
2005-05-30	-2.0072	1.4959431	3.8554125	1014.6380555555556	79.50756944444446	15.40611111111111	350.2522222222222	0.86875	0.0875	8.0	76.0	5	-2.687054534670094	0.8349131476007621	6.0	78.0	0.01	0.01	0.5	19.600000381469727
2005-06-06	-0.25	-0.000207901	4.7737125	1015.8686805555554	57.38274305555555	11.83809027777778	356.6198611111111	0.85	0.0	8.0	83.0	6	-5.25	0.00025076659928289396	29.0	85.0	0.16	0.05	1.0	17.700000762939453
2005-06-13	-0.25	-0.0023288727	3.7551	1007.4790625	61.60920138888889	13.404583333333331	360.5219444444445	0.3541666666666667	0.0	8.0	90.0	6	-5.25	0.001572049910268767	27.0	101.0	0.01	0.03	0.1	46.79999923706055
2005-06-20	-0.25	0.05192375	1.7755125000000005	1019.5708333333332	50.83836805555556	19.08690972222222	361.9037847222223	0.2375	0.0	8.0	97.0	6	-5.25	0.2833067480824501	16.0	59.0	0.01	0.02	0.2	16.0
2005-06-27	-2.6021	0.78876495	2.57715	1019.808472222222	49.705104166666665	18.66614583333333	360.74114583333335	0.20625	0.0	8.0	104.0	6	-2.7280788058452656	1.334923773029364	15.0	51.0	0.01	0.01	0.3	9.300000190734863
2005-07-04	-0.89121	0.45258522	4.413375	1011.6772916666667	48.146388888888886	22.27451388888889	357.0778125	0.39375	0.0	8.0	111.0	7	-3.0822566489163714	0.6582327899167352	29.0	72.0	0.01	0.01	1.5	10.0
2005-07-11	-0.25	0.060426712	3.264017045454546	1024.4086963383838	49.42350378787879	21.56047032828283	350.9460827020202	0.2958333333333333	0.0	8.0	118.0	7	-5.25	0.17658941304373182	40.0	112.0	0.01	0.01	2.3	25.200000762939453
2005-07-18	-0.25	0.0016479492	2.1677625	1010.1608333333334	56.344166666666666	20.754722222222224	342.6246527777778	0.7145833333333332	0.0	8.0	125.0	7	-5.25	0.0030163638300505524	45.0	104.0	0.04	0.01	2.7	19.89999961853028
2005-07-25	-0.25	-0.00041007996	3.5701125000000005	1004.8071527777778	72.11177083333332	19.481284722222224	332.1153472222222	0.71875	0.4375	8.0	132.0	7	-5.25	0.00021431300015724379	83.0	171.0	0.14	0.05	3.9	22.299999237060547
2005-08-01	-0.25	0.0045394897	4.4422875	1016.2021180555556	58.20381944444444	17.307118055555556	319.6561805555555	0.3999999999999999	0.0	8.0	139.0	8	-5.25	0.005196941005878026	73.0	140.0	0.07	0.01	3.7	20.600000381469727
2005-08-08	-0.25	-0.0032634735	2.837025	1011.941736111111	64.0285763888889	14.893263888888889	305.44041666666664	0.2770833333333333	0.0	8.0	146.0	8	-5.25	0.004432387659003103	94.0	174.0	0.1	0.04	4.5	29.299999237060547
2005-08-15	-0.25	0.023685455	1.6207125	1016.3775	69.84159722222222	17.419340277777778	289.6854861111111	0.81875	0.0041666666666666	8.0	153.0	8	-5.25	0.1151516843367314	107.0	166.0	0.13	0.08	5.1	23.799999237060547
2005-08-22	-0.92529	0.26768303	2.7962829545454544	1012.0562184343436	49.97017045454546	20.407774621212123	272.7335542929293	0.4791666666666667	0.0	8.0	160.0	8	-3.0392859876980016	0.4477592299927559	75.0	146.0	0.07	0.01	5.3	12.699999809265137
2005-08-29	-0.25	0.10528946	1.7689500000000002	1023.8830902777778	63.28340277777778	19.51454861111112	254.4728819444444	0.0708333333333333	0.0	8.0	167.0	8	-3.5504144658188164	0.40652467581430607	121.0	182.0	0.16	0.05	6.1	28.0
2005-09-05	-1.0764	0.10211182	1.9246875	1021.0403125	63.29604166666667	18.145902777777778	235.50621527777776	0.0645833333333333	0.0	8.0	174.0	9	-3.170721664592194	0.5281917422309833	80.0	166.0	0.05	0.01	5.0	45.400001525878906
2005-09-12	-2.779	0.45136452	1.9868625	1012.7971180555556	84.4271875	17.277118055555555	216.00090277777772	0.8166666666666668	0.0625	8.0	181.0	9	-2.213911414678087	1.028349273038473	42.0	110.0	0.03	0.01	2.8	21.600000381469727
2005-09-19	-0.25	0.029115677	1.2349125	1027.552395833333	68.56520833333333	12.557430555555555	196.241875	0.20625	0.0	8.0	188.0	9	-5.25	0.3636964989996302	85.0	176.0	0.05	0.01	2.8	45.900001525878906
2005-09-26	-0.25	0.051317215	2.3569125000000004	1018.2871875	79.506875	15.37670138888889	176.5357986111111	0.5416666666666666	0.0333333333333333	8.0	195.0	9	-5.25	0.17218781625579863	52.0	124.0	0.04	0.01	1.3	21.299999237060547
2005-10-03	-0.25	0.053593636	2.111933333333333	1026.6966666666667	90.54208333333334	12.789583333333333	69.23310185185186	0.8708333333333332	0.0	8.0	202.0	10	-3.5759959307620988	0.3756256366602445	76.0	176.0	0.04	0.01	1.4	31.200000762939453
2005-10-10	-0.25	0.017242432	2.11005	1026.5924652777778	78.23732638888889	12.648993055555556	138.57236111111112	0.40625	0.0	8.0	209.0	10	-5.25	0.0505954993329654	87.0	158.0	0.01	0.01	1.0	33.5
2005-10-17	-0.25	-0.0015306473	1.99545	1030.7083333333333	76.44149305555555	10.139236111111112	120.94493055555556	0.8020833333333334	0.0	8.0	216.0	10	-5.25	0.0031353607911787334	83.0	149.0	0.01	0.01	0.6	33.29999923706055
2005-10-24	-0.25	-8.4877014e-05	2.3666666666666667	1017.0041666666666	98.83333333333331	9.154166666666669	23.37962962962963	0.8791666666666668	0.15	8.0	223.0	10	-5.25	0.00015134410340845875	94.0	158.0	0.03	0.01	0.5	28.0
2005-11-07	-0.25	-0.00049972534	2.895833333333333	1024.2333333333331	89.33333333333333	6.425	70.48611111111111	0.5270833333333333	0.0	8.0	237.0	11	-5.25	0.00014259167674138016	107.0	162.0	0.05	0.04	0.8	26.5
2005-11-21	-0.25	-0.00055885315	3.679166666666666	1028.5125	92.75	1.775	35.76388888888889	0.4937499999999999	0.0	8.0	251.0	11	-5.25	0.00013456606613515302	110.0	164.0	0.1	0.08	1.5	21.100000381469727
2006-03-13	-0.25	-0.0005502701	3.15	1035.1041666666667	77.58333333333333	-4.2125	113.8888888888889	0.4458333333333333	0.0	83.0	-12.0	3	-5.25	0.00017792209111056016	12.0	75.0	0.14	0.37	4.9	42.20000076293945
2006-03-27	-0.25	-0.0006055832	3.375	1005.4041666666668	89.04166666666667	12.104166666666666	90.74074074074076	0.7166666666666667	0.1458333333333333	83.0	2.0	3	-5.25	0.0001698390319038459	5.0	63.0	0.06	0.74	4.4	31.39999961853028
2006-04-03	-0.25	-0.00061893463	6.295833333333333	1011.5125	85.95833333333333	7.375	89.12037037037037	0.6979166666666666	0.0541666666666666	83.0	9.0	4	-5.25	0.0001659984022138852	2.0	65.0	0.16	0.53	4.6	25.5
2006-04-10	-0.25	-0.0006380081	1.9208333333333327	1014.5708333333332	68.16666666666667	5.129166666666666	128.47222222222223	0.84375	0.0	83.0	16.0	4	-5.25	8.114191178495238e-05	5.0	51.0	0.03	0.63	4.0	43.5
2006-04-17	-0.25	-0.0010652542	4.025	1010.0708333333332	87.95833333333333	9.208333333333334	90.625	0.5833333333333334	0.0416666666666666	83.0	23.0	4	-5.25	0.00022847815531476477	6.0	74.0	0.03	0.61	3.0	54.70000076293945
2006-04-24	-0.25	0.012870789	1.801219696969697	1019.929668560606	78.65917613636363	10.257111742424245	277.0101830808081	0.6604166666666667	0.0	83.0	30.0	4	-5.25	0.007792622130994662	4.0	75.0	0.04	0.35	0.7	70.9000015258789
2006-05-01	-0.25	0.003950119	3.1133625000000005	1013.0165625	63.15625	9.490381944444444	299.82427083333334	0.6791666666666667	0.0	83.0	37.0	5	-5.25	0.004538029460477232	3.0	62.0	0.04	0.2	0.4	33.5
2006-05-08	-0.25	0.06343174	2.957483928571429	1019.3203373015872	45.02377976190476	16.84464285714286	292.7685978530755	0.2125	0.0	83.0	44.0	5	-5.25	0.13572485963901929	3.0	82.0	0.08	0.13	0.7	18.100000381469727
2006-05-15	-5.0	0.10920143	1.35369	1019.8957222222222	53.764319444444446	12.329583333333332	328.5475833333333	0.6875	0.0	83.0	51.0	5	-5.212114389265539	1.8256191019692316	23.0	61.0	0.17	0.12	1.1	1.7999999523162842
2006-05-22	-0.25	-0.0017318726	4.1694	1005.0269444444444	69.07107638888888	16.566597222222224	339.62586805555554	0.6895833333333333	0.175	83.0	58.0	5	-5.25	0.000969465846355774	47.0	98.0	0.31	0.13	1.8	5.800000190734863
2006-05-29	-0.25	-0.0015640259	4.7935125	1008.3669791666666	69.05548611111111	11.409305555555555	348.77208333333334	0.7958333333333334	0.125	83.0	65.0	5	-5.25	0.00033850031698190696	45.0	95.0	0.2	0.18	1.8	17.5
2006-06-05	-0.25	-0.0011920929	3.2815500000000006	1019.729513888889	61.08555555555555	10.990104166666669	355.5819791666667	0.7958333333333334	0.0416666666666666	83.0	72.0	6	-5.25	0.0005331782522848704	13.0	82.0	0.06	0.08	0.1	47.29999923706055
2006-06-12	-0.79302	0.8314018	1.4453250000000002	1026.8689583333332	46.982326388888886	21.940034722222222	359.9387152777778	0.11875	0.0	83.0	79.0	6	-0.7990034853121468	0.6845832266993782	6.0	49.0	0.04	0.01	0.1	12.699999809265137
2006-06-19	-4.0301	0.79750633	3.5088375000000003	1013.1147916666667	65.62086805555556	21.515451388888888	361.77503472222224	0.5020833333333333	0.0041666666666666	83.0	86.0	6	-4.142236438304364	2.6811665783374954	13.0	63.0	0.04	0.01	0.6	14.0
2006-06-26	-0.25	0.04925537	5.612287500000001	1011.9243402777778	57.86496527777778	23.397777777777776	361.0681944444445	0.4291666666666667	0.0	83.0	93.0	6	-5.25	0.05009379555106724	9.0	74.0	0.03	0.01	1.1	20.5
2006-07-03	-0.25	-0.0027675629	4.066050000000001	1021.9405208333334	40.63253472222223	21.918229166666663	357.83531250000004	0.0125	0.0	83.0	100.0	7	-5.25	0.0025032892820128264	6.0	82.0	0.03	0.01	4.0	36.5
2006-07-10	-2.5236	0.83211327	2.735611363636364	1021.2833333333332	55.47822285353536	23.59214962121212	352.1341887626263	0.29375	0.0	83.0	107.0	7	-2.3938733932305314	0.9453183970025577	4.0	73.0	0.07	0.02	2.5	45.29999923706055
2006-07-17	-0.25	0.019144058	1.3488375	1025.9910069444445	49.24364583333334	21.92322916666667	344.18513888888884	0.1770833333333333	0.0	83.0	114.0	7	-5.25	0.10508089095434289	10.0	130.0	0.04	0.01	3.0	72.0999984741211
2006-07-24	-3.5004	0.66166306	2.3854125	1018.5003819444444	57.61055555555556	24.750381944444445	334.0307986111111	0.1770833333333333	0.0	83.0	121.0	7	-2.644288144930268	1.5017753871588322	8.0	127.0	0.11	0.02	3.3	67.5
2006-07-31	-4.3697	0.2942772	3.3815625	1011.3419097222222	62.24270833333333	22.60138888888889	321.886875	0.75625	0.0499999999999999	83.0	128.0	7	-5.04098947214135	1.818799491230701	22.0	130.0	0.09	0.02	3.6	69.5999984741211
2006-08-07	-0.25	0.004924774	3.6841875	1009.8252777777778	59.39253472222222	20.29930555555556	307.9488888888889	0.7020833333333334	0.0	83.0	135.0	8	-5.25	0.008780015787371075	238.0	380.0	0.22	0.06	4.2	101.1999969482422
2006-08-14	-0.25	0.008899689	4.1377	1005.033113425926	66.43980324074074	17.359293981481482	292.3580092592593	0.4875	0.0	83.0	142.0	8	-5.25	0.017774008200007515	298.0	430.0	0.18	0.07	4.5	110.5
2006-08-21	-0.25	-0.0023822784	4.916440476190476	1013.9894494047618	82.29047619047618	16.86609623015873	168.45649966931217	0.725	0.3708333333333333	83.0	149.0	8	-5.25	0.0014220384546383752	277.0	454.0	0.07	0.03	4.4	121.4000015258789
2006-08-28	-0.25	-0.0031166077	4.9512375	1004.8586805555556	72.50694444444444	15.530625	257.57076388888885	0.8479166666666668	0.0625	83.0	156.0	8	-5.25	0.001566031014605965	331.0	446.0	0.26	0.06	5.0	79.0999984741211
2006-09-04	-0.25	-0.00056648254	7.856325000000001	1014.896875	58.13885416666667	18.43111111111111	238.71572916666665	0.5354166666666667	0.3791666666666667	83.0	163.0	9	-5.25	0.00010540205162460908	394.0	490.0	0.45	0.13	5.6	44.09999847412109
2006-09-11	-0.25	0.01010704	2.7010875000000003	1024.9215277777778	61.82649305555555	17.304444444444446	219.2705208333333	0.0625	0.0	83.0	170.0	9	-5.25	0.03578540287061624	353.0	462.0	0.26	0.2	5.3	64.0
2006-09-18	-0.25	0.012537003	1.793092857142857	1009.5432936507935	71.17154017857142	20.263995535714287	186.9818692129629	0.3708333333333333	0.0	83.0	177.0	9	-5.25	0.03235210925135062	349.0	476.0	0.1	0.19	5.0	65.80000305175781
2006-09-25	-0.25	-0.0010871887	4.9201125	1010.6916319444445	59.713125	19.511909722222224	179.77368055555556	0.0375	0.0	83.0	184.0	9	-5.25	0.0003877721506078213	438.0	550.0	0.22	0.17	5.7	23.799999237060547
2006-10-02	-0.25	0.099285126	6.3287625	1007.8109027777778	73.49826388888889	16.503055555555555	160.34413194444446	0.8333333333333334	0.0	83.0	191.0	10	-5.25	0.11669765304284452	521.0	632.0	0.49	0.18	7.1	9.600000381469728
2006-10-09	-0.25	0.0036230087	1.4792208333333334	1021.7393402777778	76.97031249999999	11.432326388888889	139.72087962962962	0.3416666666666666	0.0	83.0	198.0	10	-5.25	0.0020514342711281572	443.0	534.0	0.54	0.23	7.7	11.0
2006-10-16	-0.25	0.019327164	1.184925	1028.4209027777777	88.32656250000001	9.971284722222222	123.7253125	0.4375	0.0	83.0	205.0	10	-5.25	0.12842781257836902	401.0	479.0	0.54	0.26	8.3	10.300000190734863
2006-10-23	-0.25	-0.0011367798	4.773862500000001	999.9090277777776	79.30413194444445	14.65472222222222	107.150625	0.8270833333333334	0.0	83.0	212.0	10	-5.25	0.0005183222518914449	359.0	418.0	0.48	0.27	8.7	16.600000381469727
2006-10-30	-0.25	-0.0033636093	3.1391625	1020.9058333333334	76.73697916666667	8.024166666666668	92.08590277777778	0.8395833333333332	0.0	83.0	219.0	10	-5.25	0.005350994123608975	274.0	325.0	0.29	0.35	8.5	11.35672664642334
2006-11-06	-0.25	0.00058460236	6.721540909090909	1019.054494949495	72.25370580808081	11.538892045454546	78.86475694444444	0.8208333333333333	0.0	83.0	226.0	11	-5.25	9.008031474159955e-05	205.0	264.0	0.17	0.36	8.2	11.895079612731934
2006-11-20	-0.25	-0.0006747246	4.7427	1015.8525	75.38138888888889	6.380937500000001	57.809583333333336	0.8395833333333332	0.0	83.0	240.0	11	-5.25	0.0	126.0	168.0	0.08	0.38	7.6	7.795118808746338
2008-03-03	-0.25	-1.1444092e-05	6.2625	1004.0208333333334	83.54166666666667	5.545833333333333	69.44444444444444	0.7958333333333334	0.1375	9.0	48.0	3	-5.25	1.9356383486403852e-05	9.0	68.0	0.01	0.54	5.3	38.20000076293945
2008-03-10	-0.25	-1.8119812e-05	5.3500000000000005	997.1125	67.5	8.654166666666667	159.6064814814815	0.2104166666666666	0.0	9.0	55.0	3	-5.25	1.8634243168104777e-05	3.0	68.0	0.01	0.4	3.4	41.400001525878906
2008-03-17	-0.25	0.053372383	5.170285227272728	1002.517995580808	74.53854797979798	3.862686237373737	178.23906250000002	0.6749999999999999	0.1374999999999999	9.0	62.0	3	-5.25	0.020642748383371462	9.0	71.0	0.01	0.24	0.48	42.900001525878906
2008-03-24	-0.25	-0.0048360825	3.1082250000000005	994.6468402777778	63.94086805555556	1.581388888888889	198.5422569444445	0.4416666666666666	0.0	9.0	69.0	3	-5.25	0.0027209624879357785	9.0	53.0	0.01	0.19	0.11	26.299999237060547
2008-03-31	-0.25	0.014896393	2.460930681818182	1015.2865561868688	51.32590277777778	11.671720328282827	218.99053030303028	0.71875	0.0	9.0	76.0	3	-5.25	0.0020958426036755346	2.0	52.0	0.01	0.16	0.12	22.100000381469727
2008-04-07	-0.25	0.00039958954	2.086425	1001.3020486111112	89.85767361111111	3.708472222222222	238.955625	0.86875	0.1083333333333333	9.0	83.0	4	-5.25	0.0023929200986840425	3.0	58.0	0.01	0.28	0.31	19.700000762939453
2008-04-14	-0.25	0.049243927	2.3609625	1011.270486111111	75.31281249999999	9.9846875	258.3598611111111	0.8229166666666666	0.0833333333333333	9.0	90.0	4	-5.25	0.06581736828729896	8.0	59.0	0.03	0.23	0.45	19.39999961853028
2008-04-21	-0.25	-0.0020284653	5.9716125	1009.7760416666666	58.46072916666666	10.496354166666666	276.8078125	0.2791666666666667	0.0	9.0	97.0	4	-5.25	0.0006166186193590487	5.0	60.0	0.01	0.31	0.4	21.700000762939453
2008-04-28	-1.5213	0.26959896	5.957137500000001	1010.2303819444444	44.42923611111112	15.413819444444444	294.02677083333333	0.5708333333333333	0.0	9.0	104.0	4	-5.25	0.11850686452930942	4.0	44.0	0.01	0.31	0.19	11.699999809265137
2008-05-05	-0.25	0.017037392	2.4995625	1026.8982291666666	63.70618055555556	14.413472222222223	309.7529166666667	0.4270833333333333	0.0041666666666666	9.0	111.0	5	-5.25	0.03515617561772609	7.0	30.0	0.06	0.34	0.7	2.700000047683716
2008-05-12	-0.5	0.4623413	1.7170500000000002	1018.5169791666668	46.425694444444446	17.625937500000003	323.7579861111111	0.1625	0.0	9.0	118.0	5	-1.5324374187420127	0.42584122077959724	14.0	52.0	0.09	0.31	1.05	3.0999999046325684
2008-05-19	-3.5013	0.40258408	1.9827	1013.3453819444444	59.49579861111111	10.930833333333334	335.82413194444445	0.6666666666666666	0.0	9.0	125.0	5	-3.7191036042885006	0.953908092008198	9.0	44.0	0.09	0.28	1.3	8.300000190734863
2008-05-26	-0.25	-0.0005054474	4.006950000000001	1013.9019791666666	69.67149305555556	15.708958333333332	345.7657291666667	0.725	0.0	9.0	132.0	5	-5.25	0.00025248552383179396	13.0	34.0	0.12	0.24	2.0	2.299999952316284
2008-06-02	-0.25	0.03830719	3.8055375	1013.5422222222222	38.31222222222223	22.87795138888889	353.42326388888887	0.1041666666666666	0.0	9.0	139.0	6	-5.25	0.030922526950848534	12.0	59.0	0.1	0.21	1.0	24.0
2008-06-09	-2.525	0.22814178	1.9343250000000003	1019.4255902777776	44.40368055555555	21.255659722222223	358.6705902777778	0.19375	0.0	9.0	146.0	6	-2.6277059567354493	0.3309123340722348	4.0	54.0	0.06	0.03	0.74	42.70000076293945
2008-06-16	-0.25	0.02699089	1.5768000000000002	1008.765763888889	62.67069444444445	14.377083333333331	361.4111111111111	0.6229166666666667	0.0	9.0	153.0	6	-5.25	0.11694613848284013	24.0	99.0	0.04	0.0	0.53	28.600000381469727
2008-06-23	-0.25	-0.0008392334	5.9254125	1014.7386458333334	54.619375	18.74427083333333	361.6102083333333	0.2354166666666667	0.0041666666666666	9.0	160.0	6	-5.25	0.0003839242440245191	28.0	82.0	0.07	0.0	0.51	17.200000762939453
2008-06-30	-0.25	-0.0002937317	3.2243250000000003	1017.7387152777778	53.46079861111111	18.2459375	359.27496527777777	0.3687499999999999	0.0	9.0	167.0	6	-5.25	0.0	56.0	119.0	0.05	0.0	0.98	25.0
2008-07-07	-0.25	0.07074547	4.1764875	1005.3114583333332	65.87284722222222	18.929513888888888	354.4684027777778	0.7666666666666666	0.4083333333333332	9.0	174.0	7	-5.25	0.07256244359827983	54.0	128.0	0.05	0.01	1.7	41.20000076293945
2008-07-14	-1.8966	0.15325928	2.8765875	1018.3973263888888	64.26006944444445	16.731354166666666	347.29440972222227	0.5520833333333334	0.0	9.0	181.0	7	-4.595914398030494	0.4722131766050403	91.0	199.0	0.06	0.0	2.7	69.5
2008-07-21	-0.25	-0.003189087	6.49905	1012.6999652777778	66.01850694444444	14.565	337.8940625	0.7999999999999999	0.0166666666666666	9.0	188.0	7	-5.25	0.0015514098301316144	110.0	230.0	0.05	0.0	3.5	76.0999984741211
2008-07-28	-2.0566	0.3912487	2.6422125000000003	1018.0690625	43.95590277777777	24.455416666666665	326.43881944444445	0.1541666666666666	0.0	9.0	195.0	7	-2.441479370672784	0.46702379815649536	74.0	176.0	0.03	0.01	1.7	40.0
2008-08-04	-0.25	-0.0025539398	7.840462500000001	1005.0903819444444	61.62114583333334	19.135868055555555	313.1178125	0.54375	0.3041666666666666	9.0	202.0	8	-5.25	0.0011281573048835959	96.0	184.0	0.07	0.02	2.3	54.59999847412109
2008-08-11	-0.25	0.0018310547	2.5686750000000003	1006.1333680555556	62.35295138888889	21.006006944444447	298.1460416666667	0.6666666666666666	0.0	9.0	209.0	8	-5.25	0.002629611125662309	211.0	354.0	0.06	0.03	3.3	100.5
2008-08-18	-0.25	0.004354477	2.2675125	1011.54125	70.58854166666667	18.5378125	281.73048611111113	0.6583333333333333	0.0	9.0	216.0	8	-5.25	0.01517166169321218	203.0	291.0	0.01	0.01	2.9	64.9000015258789
2008-08-25	-0.25	0.014518738	2.4502125	1016.3019791666668	77.88559027777778	16.697777777777777	264.1069097222222	0.6854166666666667	0.0	9.0	223.0	8	-5.25	0.03553458600913808	207.0	319.0	0.05	0.0	2.8	57.29999923706055
2008-09-01	-0.25	-0.0013828278	4.125825	1014.5448958333332	67.28913194444443	19.00402777777778	245.53326388888888	0.7541666666666668	0.3833333333333333	9.0	230.0	9	-5.25	0.0009195923936351161	207.0	286.0	0.05	0.0	2.5	46.20000076293945
2008-09-08	-0.25	-0.0012111664	3.0984375000000006	1015.1808333333332	75.57166666666667	17.245868055555555	226.26645833333336	0.4624999999999999	0.0041666666666666	9.0	237.0	9	-5.25	0.001734146635234889	209.0	295.0	0.01	0.0	2.4	45.900001525878906
2008-09-15	-0.25	-0.0035095215	2.8189875000000004	1023.7191319444444	64.66805555555555	12.273819444444444	206.5896875	0.8604166666666666	0.0	9.0	244.0	9	-5.25	0.004055448722131326	210.0	312.0	0.07	0.0	2.3	46.5
2008-09-22	-0.25	0.0019493103	1.7603625	1018.3133333333334	85.89802083333335	12.139479166666668	186.80229166666663	0.85	0.1166666666666666	9.0	251.0	9	-5.25	0.005724970884274839	219.0	304.0	0.07	0.02	2.2	45.900001525878906
2008-09-29	-0.25	-0.0019798279	2.9020500000000005	1014.4464930555556	74.3796875	12.587534722222223	167.22479166666668	0.93125	0.0625	9.0	258.0	9	-5.25	0.0034192001076969697	233.0	290.0	0.04	0.03	2.0	29.39999961853028
2008-10-06	-0.25	0.01249218	1.2063	1012.6329861111112	95.1145138888889	11.828958333333333	148.17114583333333	0.9583333333333334	0.0541666666666666	9.0	265.0	10	-5.25	0.006533460657849421	221.0	276.0	0.09	0.06	2.1	25.799999237060547
2008-10-13	-0.25	0.0041685104	1.3239375	1020.3446527777778	87.90079861111111	12.179409722222225	129.96329861111113	0.4354166666666666	0.0	9.0	272.0	10	-5.25	0.020861334859700195	246.0	294.0	0.09	0.09	2.4	13.100000381469728
2008-10-20	-0.25	-0.0011491776	3.9132	1016.7207986111111	70.63892361111111	12.42267361111111	112.90559027777778	0.425	0.0	9.0	279.0	10	-5.25	0.0005297140407967998	264.0	307.0	0.14	0.1	2.7	15.800000190734863
2008-10-27	-0.25	0.0006971359	3.8251125	1006.722326388889	92.96083333333333	10.7259375	97.27638888888887	0.9541666666666666	0.3708333333333333	9.0	286.0	10	-5.25	0.00017330642554197782	254.0	297.0	0.16	0.14	3.1	13.0
2008-11-10	-0.25	-0.0002593994	6.837000000000001	1016.972986111111	71.68506944444444	12.804895833333331	71.17006944444445	0.725	0.0	9.0	300.0	11	-5.25	0.0	207.0	237.0	0.23	0.23	4.2	5.699999809265137
2008-11-24	-0.25	-0.0019421577	2.405025	993.460347222222	88.99118055555556	0.8740277777777777	52.75395833333334	0.6875	0.0	9.0	314.0	11	-5.25	0.0001880556570213814	138.0	163.0	0.25	0.32	4.9	2.700000047683716
2009-03-02	-0.25	-0.00017690659	3.2458333333333336	1011.9208333333332	91.33333333333331	6.675	28.703703703703702	0.91875	0.1166666666666666	63.0	-4.0	3	-5.25	0.00043111467084691314	4.0	66.0	0.01	0.64	4.7	59.79999923706055
2009-03-16	-0.25	-1.6212463e-05	2.2416666666666667	1031.3458333333333	83.625	6.570833333333333	78.58796296296298	0.8770833333333333	0.0	63.0	10.0	3	-5.25	0.0004236477403387549	12.0	74.0	0.08	0.82	5.3	25.600000381469727
2009-03-23	-0.25	-0.00065898895	8.260837500000001	1000.1559722222222	78.48027777777777	6.172118055555555	195.1583680555556	0.8729166666666667	0.2708333333333333	63.0	17.0	3	-5.25	3.5879192374248035e-05	12.0	74.0	0.01	0.89	6.4	30.200000762939453
2009-03-30	-0.25	0.0067014694	1.265775	1019.667847222222	81.51194444444444	5.650590277777778	215.53052083333333	0.5541666666666667	0.0	63.0	24.0	3	-5.25	0.012521778378506385	8.0	66.0	0.01	0.95	4.8	31.799999237060547
2009-04-06	-4.0377	0.24235344	3.02715	1018.8722222222224	63.36013888888888	10.795729166666666	235.64802083333333	0.1708333333333333	0.0	63.0	31.0	4	-4.556822978737731	0.5486819260685292	5.0	63.0	0.01	0.85	5.2	48.900001525878906
2009-04-13	-0.25	-0.00072956085	4.817925000000001	1010.8700347222222	62.78024305555556	12.467534722222224	255.16861111111112	0.0666666666666666	0.0	63.0	38.0	4	-5.25	0.00029791681841758756	4.0	68.0	0.01	0.75	4.9	35.29999923706055
2009-04-20	-0.25	0.012556076	2.09145	1025.2037152777775	49.93725694444444	10.332986111111111	273.7913541666667	0.1041666666666666	0.0	63.0	45.0	4	-5.25	0.03132394742452487	5.0	61.0	0.01	0.64	4.8	30.100000381469727
2009-04-27	-0.25	0.0025978088	4.5727875	1004.3229513888888	45.09489583333333	17.82204861111111	291.22875	0.6583333333333333	0.0	63.0	52.0	4	-5.25	0.0006044039601924842	8.0	36.0	0.05	0.51	4.1	5.0
2009-05-04	-0.5	0.24977398	3.5821500000000004	1020.6111111111112	64.88822916666666	11.014236111111112	307.2210763888889	0.69375	0.0	63.0	59.0	5	-5.190737674872775	0.19192906069529295	26.0	47.0	0.14	0.49	4.3	3.0999999046325684
2009-05-11	-0.25	0.020341873	1.9910250000000005	1019.7569444444443	72.40180555555555	12.317326388888889	321.5253125	0.9145833333333332	0.0124999999999999	63.0	66.0	5	-5.25	0.07579401217548777	37.0	61.0	0.21	0.48	4.6	6.199999809265137
2009-05-18	-0.25	0.021847725	1.7758125	1017.6972916666668	74.51913194444445	16.84840277777778	333.9351041666667	0.6520833333333333	0.2666666666666666	63.0	73.0	5	-5.25	0.018616565292829745	15.0	70.0	0.06	0.46	4.1	23.100000381469727
2009-05-25	-3.8363	0.17908859	1.7210625000000002	1018.5765972222222	58.24548611111111	18.50989583333333	344.25402777777776	0.0583333333333333	0.0	63.0	80.0	5	-3.6488237161048	0.47634910872747127	7.0	62.0	0.03	0.12	3.8	52.900001525878906
2009-06-01	-0.25	0.06105995	2.2790250000000003	1019.1169097222222	76.39607638888889	17.037465277777777	352.3176736111111	0.5166666666666667	0.0	63.0	87.0	6	-5.217657611769056	0.205099038062613	12.0	75.0	0.04	0.08	5.9	55.79999923706055
2009-06-08	-0.25	-0.0015220642	4.7095875000000005	1008.7949652777778	61.75739583333333	15.116770833333334	357.99156250000004	0.5625	0.0	63.0	94.0	6	-5.25	0.0009528728444137154	27.0	110.0	0.08	0.0	5.2	63.70000076293945
2009-06-15	-0.25	0.041713715	1.9742625	1014.7847569444444	73.26572916666667	17.213993055555555	361.1772222222223	0.7916666666666666	0.2875	63.0	101.0	6	-5.25	0.09751165631829051	33.0	96.0	0.08	0.24	3.3	21.299999237060547
2009-06-22	-0.25	0.011613846	2.7304875	1021.5462152777776	79.52375	14.951041666666669	361.8306597222222	0.7666666666666666	0.2541666666666667	63.0	108.0	6	-5.25	0.03886148484366531	47.0	105.0	0.09	0.0	4.2	14.800000190734863
2009-06-29	-1.9469	0.21026039	1.2895875	1018.1890625	79.46541666666667	19.674444444444443	359.9478125	0.7166666666666667	0.0	63.0	115.0	6	-2.113703150988345	0.6290339818237659	62.0	117.0	0.09	0.0	5.8	21.39999961853028
2009-07-06	-3.5128	0.9284191	1.8849	1006.891423611111	61.6778125	21.315243055555555	355.5804861111112	0.5979166666666667	0.0	63.0	122.0	7	-3.6995432811931908	6.355335101895651	36.0	109.0	0.06	0.0	6.1	11.100000381469728
2009-07-13	-0.25	0.0071048737	2.219025	1012.1244444444444	66.77809027777778	19.91732638888889	348.8310763888889	0.6645833333333333	0.0375	63.0	129.0	7	-5.25	0.01976421954938127	81.0	170.0	0.05	0.01	8.5	43.5
2009-07-20	-0.25	-0.0031280518	5.943975000000001	1014.4605208333334	68.58121527777777	17.239375	339.8280555555555	0.56875	0.2416666666666667	63.0	136.0	7	-5.25	0.0012920535017204617	89.0	158.0	0.05	0.0	8.7	22.200000762939453
2009-07-27	-0.25	-0.0011291504	3.74295	1014.5166319444444	50.878819444444446	21.09888888888889	328.7441666666667	0.3999999999999999	0.0	63.0	143.0	7	-5.25	0.002973662815050218	110.0	220.0	0.05	0.0	8.0	60.79999923706055
2009-08-03	-0.5	0.27443695	2.3286375	1013.566736111111	89.34430555555555	18.23815972222222	315.76572916666663	0.8416666666666667	0.0458333333333333	63.0	150.0	8	-2.928766282883256	0.35360240606352566	84.0	186.0	0.01	0.01	4.3	46.70000076293945
2009-08-10	-0.25	0.005554199	2.2849875	1014.5750694444444	58.29052083333334	21.008125	301.0889236111111	0.71875	0.0	63.0	157.0	8	-5.25	0.018345276890563148	77.0	164.0	0.01	0.02	1.5	25.799999237060547
2009-08-17	-0.25	0.089214325	2.2477125	1011.828125	58.42510416666667	21.588680555555555	284.9328472222222	0.5583333333333333	0.0124999999999999	63.0	164.0	8	-4.537753396694332	0.4514103866229713	140.0	234.0	0.01	0.02	0.6	58.59999847412109
2009-08-24	-0.25	0.052865982	4.9844625	1016.4676736111112	50.58253472222222	18.97493055555556	267.53288194444445	0.175	0.0	63.0	171.0	8	-5.25	0.05288932350475605	213.0	298.0	0.05	0.01	1.0	24.100000381469727
2009-08-31	-0.25	0.007329941	2.330025	1019.5129513888888	56.25524305555555	18.4721875	249.12552083333333	0.3291666666666666	0.0	63.0	178.0	8	-5.25	0.018022813915564203	311.0	430.0	0.25	0.05	3.1	10.199999809265137
2009-09-07	-0.25	-2.861023e-05	2.346904166666667	1023.8618402777778	70.34798611111111	16.403854166666665	229.97524305555555	0.6124999999999999	0.0	63.0	185.0	9	-5.25	0.00017197723273800036	315.0	411.0	0.36	0.1	5.0	15.300000190734863
2009-09-14	-0.25	-0.0018310547	3.662775	1019.8237847222222	75.92895833333334	14.851215277777778	210.36809027777772	0.8645833333333334	0.0	63.0	192.0	9	-5.25	0.005776469504605655	274.0	360.0	0.24	0.15		24.89999961853028
2009-09-21	-0.5	0.11998558	1.2656625	1022.7992708333333	79.38628472222223	15.99565972222222	190.5895833333333	0.4937499999999999	0.0	63.0	199.0	9	-2.14736665829292	0.5332673174424384	236.0	328.0	0.11	0.16	4.0	13.199999809265137
2009-09-28	-0.25	0.05179596	4.213125000000001	1019.489236111111	80.95427083333333	13.917569444444444	170.96114583333335	0.7541666666666668	0.0	63.0	206.0	9	-5.25	0.1724218586285307	192.0	319.0	0.01	0.03	3.3	72.80000305175781
2009-10-05	-0.25	-0.0028572083	3.5371875000000004	1016.0864930555556	63.27427083333333	11.002881944444445	151.79975694444445	0.4770833333333333	0.0	63.0	213.0	10	-5.25	0.0006981398696355447	168.0	323.0	0.01	0.0	2.9	102.0999984741211
2009-10-12	-0.25	-0.0016355515	3.159225	1009.5482291666668	88.31149305555556	8.496979166666668	133.41736111111112	0.7729166666666667	0.425	63.0	220.0	10	-5.25	0.0011872167937803397	147.0	253.0	0.03	0.01	2.1	53.59999847412109
2009-10-19	-0.25	-0.0024347305	2.1529125	1020.2381944444444	81.22409722222223	6.6640625	116.13628472222224	0.2583333333333333	0.0	63.0	227.0	10	-5.25	0.005405242303785935	134.0	201.0	0.03	0.01	2.6	32.79999923706055
2009-10-26	-0.25	0.021278381	3.0045750000000004	1015.0758333333332	92.87243055555555	9.997916666666669	100.23055555555555	0.8520833333333333	0.0125	63.0	234.0	10	-5.25	0.03280392110791947	130.0	188.0	0.01	0.05	3.0	22.39999961853028
2009-11-09	-0.25	-1.859665e-05	2.4568875	1009.5454166666668	97.0675	5.088819444444444	73.45590277777778	1.0	0.2583333333333333	63.0	248.0	11	-5.25	0.0	121.0	164.0	0.01	0.13	3.2	21.700000762939453
2009-11-23	-0.25	0.0028572083	8.040750000000001	1003.3427083333332	74.03777777777778	9.447604166666666	54.317569444444445	0.7416666666666667	0.075	63.0	262.0	11	-5.25	0.00017873512899931575	90.0	139.0	0.01	0.19	3.4	38.70000076293945
2010-03-01	-0.25	0.00034952164	11.120833333333332	1000.05	73.54166666666667	4.458333333333333	51.04166666666666	0.7833333333333333	0.0625	72.0	-16.0	3	-5.25	0.00013729571477319837	35.0	62.0	0.12	0.88	5.5	7.599999904632568
2010-03-15	-0.25	0.00016403198	4.766666666666667	1016.025	90.54166666666669	0.4875	96.75925925925924	0.7895833333333333	0.0958333333333333	72.0	-2.0	3	-5.25	0.0	9.0	89.0	0.01	1.03	5.3	152.0
2010-03-22	-0.25	7.05719e-05	2.795833333333333	1022.5375	68.41666666666667	8.104166666666666	194.79166666666663	0.5333333333333333	0.0	72.0	5.0	3	-5.25	0.00010012200008266165	6.0	66.0	0.04	1.0	4.9	76.69999694824219
2010-03-29	-0.25	-1.2397766e-05	2.308333333333333	1006.3708333333334	87.66666666666667	7.558333333333334	72.10648148148148	0.7708333333333334	0.025	72.0	12.0	3	-5.25	0.0	3.0	74.0	0.01	0.84	4.3	91.5999984741211
2010-04-05	-0.25	-8.392334e-05	4.354166666666667	1023.1083333333332	79.75	6.504166666666666	60.53240740740741	0.6791666666666667	0.0	72.0	19.0	4	-5.25	0.0	6.0	61.0	0.03	0.89	4.0	21.100000381469727
2010-04-12	-0.25	-0.00046730042	3.9101870454545455	1020.9188047138048	70.41714983164984	8.830614898989898	251.46203893097643	0.5499999999999999	0.0083333333333333	72.0	26.0	4	-5.25	0.0	7.0	76.0	0.01	0.82	3.3	44.70000076293945
2010-04-19	-1.5005	0.1434288	2.4660852272727274	1013.3008207070708	56.23591224747474	9.458085227272727	270.36280555555555	0.24375	0.0	72.0	33.0	4	-5.2293745503453435	0.388850981028691	4.0	77.0	0.01	0.57	0.5	87.9000015258789
2010-04-26	-0.25	0.015130997	4.3662647727272725	1020.0916950757576	69.57442550505051	12.586300505050504	288.38706755050504	0.7854166666666668	0.2083333333333333	72.0	40.0	4	-5.25	0.004744840929942288	4.0	48.0	0.03	0.5	0.06	27.5
2010-05-03	-1.101	0.15206814	2.4383625	1009.9625347222222	94.52986111111112	9.401527777777778	304.48003472222223	1.0	0.4583333333333333	72.0	47.0	5	-4.37854059556238	0.3324746495420833	3.0	55.0	0.01	0.31	0.06	36.20000076293945
2010-05-10	-1.9149	0.22088909	2.1189	1008.0251041666668	82.08885416666666	10.017881944444444	319.1035069444444	0.925	0.0041666666666666	72.0	54.0	5	-2.795869272551469	0.3231181016825309	4.0	57.0	0.03	0.17	0.05	48.59999847412109
2010-05-17	-0.25	-0.0026626587	3.5387625000000003	1016.7212152777778	49.66302083333333	12.187916666666666	331.8693055555556	0.75625	0.0	72.0	61.0	5	-5.25	0.0013609586636069862	14.0	69.0	0.07	0.17	0.1	40.20000076293945
2010-05-24	-4.4434	0.29455566	4.1582625	1008.9818055555556	77.02180555555556	15.463645833333333	342.5725347222222	0.6375000000000001	0.2875	72.0	68.0	5	-5.25	0.3965459395779306	4.0	57.0	0.03	0.05	0.05	45.09999847412109
2010-05-31	-0.25	0.002986908	4.4613375	1005.3615277777776	95.94673611111112	11.46888888888889	351.05107638888893	0.99375	0.1791666666666666	72.0	75.0	5	-5.25	0.0019350731825629084	6.0	44.0	0.03	0.02	0.05	23.600000381469727
2010-06-07	-1.1081	0.52532196	5.910825	1007.7290972222222	66.76618055555555	18.37920138888889	357.15743055555555	0.7791666666666667	0.0625	72.0	82.0	6	-3.7613404185388486	0.25543045161307043	4.0	54.0	0.04	0.01	0.05	32.79999923706055
2010-06-14	-0.25	0.02302742	1.3263375000000002	1016.0264236111112	59.165416666666665	15.151111111111112	360.7963194444444	0.7729166666666667	0.0	72.0	89.0	6	-5.25	0.183858195246605	24.0	89.0	0.03	0.0	2.0	37.29999923706055
2010-06-21	-0.25	0.011569977	1.7413875	1016.9946180555556	77.57875	14.11934027777778	361.8971875	0.6458333333333334	0.0416666666666666	72.0	96.0	6	-5.25	0.05037102217764234	68.0	149.0	0.07	0.0	1.9	32.400001525878906
2010-06-28	-0.25	0.003353119	2.370833333333333	1020.1333333333332	50.66666666666666	21.979166666666668	347.22222222222223	0.1104166666666666	0.0	72.0	103.0	6	-5.25	0.018749063383750382	47.0	125.0	0.07	0.0	2.1	36.79999923706055
2010-07-05	-2.5399	1.3057919	2.095358333333333	1015.7062152777776	63.37871527777778	23.679861111111112	346.8963078703703	0.7958333333333334	0.1625	72.0	110.0	7	-2.5524549577916584	2.001120327229078	12.0	105.0	0.01	0.0	1.8	61.59999847412109
2010-07-12	-1.9944	1.5049419	2.909925	1012.0820486111112	47.98524305555555	29.129375	350.2048263888889	0.3770833333333334	0.0	72.0	117.0	7	-1.5106846161364735	1.0561127259107015	10.0	120.0	0.04	0.0	1.7	72.9000015258789
2010-07-19	-4.4999	0.53279686	1.2732750000000002	1024.4099305555555	53.68725694444444	20.77659722222222	341.596875	0.225	0.0	72.0	124.0	7	-4.223868343711294	15.555573315224882	105.0	205.0	0.22	0.03	2.4	33.79999923706055
2010-07-26	-0.25	0.016796112	1.284525	1011.9961458333332	55.23166666666666	19.877569444444443	330.87038194444443	0.7416666666666667	0.0	72.0	131.0	7	-5.25	0.09206625559868144	247.0	346.0	0.38	0.03	3.0	17.0
2010-08-02	-3.9445	0.13661194	1.5968250000000002	1012.7814930555556	73.76170138888888	22.049409722222222	318.2109375	0.8229166666666666	0.1041666666666666	72.0	138.0	8	-3.7178333886017025	0.5183399855580113	273.0	379.0	0.2	0.04	3.6	34.5
2010-08-09	-0.25	0.11139107	2.1391500000000003	1015.2384375	83.61149305555556	19.753854166666667	303.82413194444445	0.5354166666666667	0.3583333333333333	72.0	145.0	8	-4.479943377720916	0.5444205556920516	391.0	445.0	0.45	0.08	4.3	14.899999618530272
2010-08-16	-0.25	0.0010471344	3.5707500000000003	1010.6832291666666	71.91027777777778	19.800069444444443	287.91770833333334	0.7291666666666666	0.1958333333333333	72.0	152.0	8	-5.25	0.001167315362542545	442.0	523.0	0.49	0.09	4.6	18.0
2010-08-23	-4.4877	0.14583397	3.7796625	1005.7322569444444	86.53065972222221	21.2525	270.71875	0.7666666666666666	0.1125	72.0	159.0	8	-4.668813475908042	0.4438963688959036	341.0	450.0	0.16	0.11	4.2	81.4000015258789
2010-08-30	-0.25	-0.0012149811	2.9468625	1007.3310763888888	80.70277777777778	13.544270833333334	252.47472222222223	0.8375	0.2916666666666667	72.0	166.0	8	-5.25	0.0009581860038533668	225.0	358.0	0.21	0.13	3.3	69.4000015258789
2010-09-06	-0.25	-0.0026378632	2.013825	1022.6631944444443	69.9375	12.7275	233.43670138888888	0.3270833333333333	0.0	72.0	173.0	9	-5.25	0.010682909820774243	127.0	269.0	0.05	0.05	1.5	74.19999694824219
2010-09-13	-0.5	0.22241974	1.9932	1020.7956597222222	90.82631944444444	15.561805555555557	213.89065972222224	0.7895833333333333	0.2208333333333333	72.0	180.0	9	-2.594671879475174	0.369389541043279	123.0	209.0	0.06	0.1	1.6	54.900001525878906
2010-09-20	-0.25	-0.0014286041	4.738125	1015.6200347222222	67.64104166666667	14.749618055555556	194.1223611111111	0.8958333333333334	0.0	72.0	187.0	9	-5.25	0.0005303137152001261	96.0	207.0	0.07	0.18	1.3	84.9000015258789
2010-09-27	-0.25	0.033307076	2.955375	1003.2523611111112	97.0440277777778	14.010833333333332	174.4414236111111	1.0	0.7958333333333334	72.0	194.0	9	-5.25	0.09036766872253477	91.0	159.0	0.07	0.2	1.7	20.39999961853028
2010-10-04	-0.25	-0.0014076233	6.3814875	1011.1064583333332	70.22420138888889	13.768576388888889	155.17291666666668	0.375	0.0	72.0	201.0	10	-5.25	0.0002835136410923358	96.0	163.0	0.24	0.24	2.9	10.600000381469728
2010-10-11	-0.25	-0.0024843216	1.4853375	1018.8780902777776	95.60704861111113	5.965	136.63065972222222	0.4729166666666666	0.0	72.0	208.0	10	-5.25	0.00908172449801825	99.0	149.0	0.24	0.37	4.1	11.600000381469728
2010-10-18	-0.25	-0.002202034	1.53405	1020.7135763888888	71.3878125	6.098125	119.12854166666666	0.0833333333333333	0.0	72.0	215.0	10	-5.25	0.006128965396734365	98.0	148.0	0.3	0.49	4.9	11.0
2010-10-25	-0.25	-0.0013961792	3.8887875000000007	1017.3901388888888	74.80805555555555	6.480902777777778	102.95854166666668	0.3979166666666667	0.0	72.0	222.0	10	-5.25	0.00019209218825523455	76.0	119.0	0.29	0.69	5.3	5.699999809265137
2010-11-08	-0.25	-0.0028162003	2.0843625	990.4942361111111	96.7073611111111	3.43625	75.64420138888889	1.0	0.1375	72.0	236.0	11	-5.25	0.0032534701463197684	62.0	104.0	0.26	0.72	5.8	3.299999952316284
2010-11-22	-0.25	-0.0018062592	3.4117125	1000.2717013888888	96.82131944444444	4.554895833333333	55.70545138888889	1.0	0.2749999999999999	72.0	250.0	11	-5.25	0.0001581995077683246	53.0	90.0	0.2	0.9	6.3	3.400000095367432
2011-03-14	-0.25	0.00015830994	1.325	1014.95	84.5	9.258333333333333	46.99074074074074	0.94375	0.0666666666666666	62.0	6.0	3	-5.25	5.681855094797357e-05	6.0	55.0	0.01	1.6	5.4	18.299999237060547
2011-03-28	-0.25	0.0019607544	2.676675	1012.4739930555556	64.78281249999999	4.114131944444444	208.27017361111112	0.2458333333333333	0.0	62.0	20.0	3	-5.25	0.0029164080939612187	6.0	49.0	0.01	1.31	5.5	22.39999961853028
2011-04-04	-0.5	0.23881817	2.8357875000000003	1015.7614583333334	84.2232986111111	10.320763888888887	228.51559027777776	0.875	0.1791666666666666	62.0	27.0	4	-3.4085964907225375	0.1847210576155677	5.0	44.0	0.01	1.1	5.2	23.100000381469727
2011-04-11	-0.25	0.024394035	1.7773500000000002	1017.8674652777778	60.94506944444444	12.084583333333333	248.28701388888888	0.5437500000000001	0.0	62.0	34.0	4	-5.25	0.05157609610222334	8.0	59.0	0.01	1.0	5.1	23.100000381469727
2011-04-18	-3.4798	0.25797844	0.7445625000000001	1022.8545486111112	64.43767361111111	12.134895833333331	267.260625	0.0895833333333333	0.0	62.0	41.0	4	-3.210073258809632	1.21792111100634	4.0	45.0	0.01	0.9	4.3	32.79999923706055
2011-04-25	-0.25	0.0008392334	2.2085625	1020.3130208333332	67.35173611111111	13.000763888888889	285.15482638888886	0.5520833333333334	0.0	62.0	48.0	4	-5.25	0.0016617079121100027	3.0	52.0	0.01	0.52	2.3	50.400001525878906
2011-05-02	-0.25	-0.0014972687	3.685875	1013.1679861111112	68.81809027777778	7.579687499999999	301.6904513888889	0.8125	0.0	62.0	55.0	5	-5.25	0.0007349321034408527	3.0	59.0	0.03	0.41	1.5	56.79999923706055
2011-05-09	-0.5	0.6673136	3.625	1028.6666666666667	48.75	16.474999999999998	313.7731481481481	0.1354166666666666	0.0	62.0	62.0	5	-5.25	4.3576191022414195	3.0	44.0	0.03	0.22	1.0	34.5
2011-05-16	-0.25	0.03337288	6.028425000000001	1018.7247222222222	79.99097222222223	12.039131944444444	329.7344791666667	0.8291666666666666	0.0416666666666666	62.0	69.0	5	-5.25	0.10403144973312922	9.0	42.0	0.11	0.14	0.9	4.599999904632568
2011-05-23	-4.077	0.18159866	3.4023375	1023.2870138888889	58.237326388888896	16.451249999999998	307.29840277777777	0.4624999999999999	0.0	62.0	76.0	5	-5.25	0.17866697752966207	6.0	68.0	0.04	0.16	1.5	32.900001525878906
2011-05-30	-0.25	0.02884674	3.2604375	1014.7423611111112	50.680659722222224	21.95017361111111	349.7058333333334	0.0625	0.0	62.0	83.0	5	-5.25	0.05507484777469332	16.0	67.0	0.11	0.04	2.5	11.899999618530272
2011-06-06	-3.9075	0.39590836	3.23775	1003.3790972222222	68.30118055555555	22.79548611111112	356.2475	0.5666666666666667	0.075	62.0	90.0	6	-3.6829455440130543	0.34946748123339555	16.0	64.0	0.07	0.04	3.0	12.899999618530272
2011-06-13	-0.25	0.123693466	3.4722000000000004	1015.2295833333332	52.88520833333333	19.71496527777777	360.3277430555556	0.7083333333333334	0.0	62.0	97.0	6	-4.24616871775867	0.41336914999741936	56.0	84.0	0.09	0.05	4.6	22.89999961853028
2011-06-20	-0.25	-0.0018749237	5.672962500000001	1011.1391319444444	71.54399305555556	15.368333333333332	361.8898611111111	0.81875	0.0375	62.0	104.0	6	-5.25	0.0003602274408791927	79.0	142.0	0.3	0.06	5.9	9.600000381469728
2011-06-27	-2.8609	0.21179199	1.7745325	1022.6028472222224	59.17200694444444	20.13083333333333	360.9102083333333	0.2333333333333333	0.0	62.0	111.0	6	-2.6396370646419127	1.1180827216818772	74.0	135.0	0.13	0.1	6.8	35.099998474121094
2011-07-04	-0.25	0.002023697	3.5026125	1011.5273263888888	98.51645833333332	16.905069444444443	357.41854166666667	1.0	0.6583333333333333	62.0	118.0	7	-5.25	0.001521438134963085	82.0	158.0	0.17	0.07	7.4	23.799999237060547
2011-07-11	-0.25	0.06867218	1.8816	1017.7507291666666	79.63	17.706666666666667	351.50621527777776	0.7104166666666667	0.45	62.0	125.0	7	-5.25	0.2496855890207196	36.0	110.0	0.01	0.0	6.2	46.900001525878906
2011-07-18	-0.25	-0.001001358	5.0839125	1003.9252777777778	66.67052083333333	18.683923611111112	343.2913888888889	0.6354166666666666	0.1666666666666666	62.0	132.0	7	-5.25	0.0004171194378554695	78.0	160.0	0.01	0.01	6.2	25.39999961853028
2011-07-25	-0.25	-0.0013427734	3.01695	1009.4065625	75.57930555555556	15.328020833333332	332.93159722222225	0.7270833333333333	0.0	62.0	139.0	7	-5.25	0.0006955917354646216	108.0	187.0	0.2	0.04	7.0	11.300000190734863
2011-08-01	-0.25	0.027963638	2.0616075	1016.2008863636364	93.06242803030302	18.041599116161617	320.25457133838387	0.8312499999999999	0.3208333333333333	62.0	146.0	8	-5.25	0.08015158744792192	109.0	176.0	0.17	0.03	7.4	16.899999618530273
2011-08-08	-0.25	-0.002286911	5.147625000000001	1004.8985416666666	70.9420138888889	17.309722222222224	306.5105555555556	0.4833333333333333	0.2249999999999999	62.0	153.0	8	-5.25	0.002692330532944246	73.0	136.0	0.08	0.01	7.3	27.200000762939453
2011-08-15	-0.25	0.010562897	2.87145	1013.2401388888889	74.85364583333333	18.047881944444445	290.85809027777776	0.6541666666666667	0.0	62.0	160.0	8	-5.25	0.010515460035723897	87.0	162.0	0.07	0.1	7.3	34.79999923706055
2011-08-22	-0.5	0.123586655	2.989875	1016.8722222222224	65.34458333333333	20.991215277777776	273.875	0.5479166666666667	0.0	62.0	167.0	8	-4.613916720143453	0.284881709296052	65.0	142.0	0.05	0.04	7.7	52.09999847412109
2011-08-29	-0.25	-0.003326416	5.618775	1013.3377777777778	66.22631944444444	15.822048611111112	255.7994097222222	0.6895833333333333	0.0083333333333333	62.0	174.0	8	-5.25	0.0015538272501904433	94.0	177.0	0.11	0.03	8.1	47.70000076293945
2011-09-05	-0.25	0.095285416	3.1001125000000003	1011.365	92.37819444444445	18.23934027777777	234.95466435185185	0.8541666666666666	0.5708333333333333	62.0	181.0	9	-3.849949732794609	0.3281619696464117	70.0	150.0	0.04	0.01	6.9	58.5
2011-09-12	-0.5	0.25505638	6.055575	1010.4617708333334	71.84840277777778	17.32704861111111	217.4064236111111	0.5833333333333334	0.0	62.0	188.0	9	-5.25	0.16157501268744984	78.0	159.0	0.01	0.03	6.5	67.0999984741211
2011-09-19	-0.25	0.025094986	2.4871875	1012.7991319444444	78.66961805555555	13.502361111111112	197.6550347222222	0.8458333333333333	0.0	62.0	195.0	9	-5.25	0.023962502545863372	72.0	140.0	0.01	0.04	4.7	46.900001525878906
2011-09-26	-0.25	0.051693916	1.1699625	1023.4090972222222	79.96107638888888	16.06833333333333	177.93458333333334	0.4958333333333333	0.0	62.0	202.0	9	-5.25	0.5663413552670348	69.0	116.0	0.01	0.01	4.2	29.799999237060547
2011-10-03	-0.25	0.0720644	2.6666666666666665	1020.2166666666668	76.58333333333333	17.1875	129.86111111111111	0.5	0.0	62.0	209.0	10	-5.25	0.24688181827148212	62.0	114.0	0.03	0.02	4.5	22.700000762939453
2011-10-10	-0.25	-0.0010194778	6.8701875	1009.9119791666668	98.67576388888888	12.398020833333334	139.8732986111111	1.0	0.2208333333333333	62.0	216.0	10	-5.25	0.00018953311061402917	95.0	156.0	0.11	0.09	5.5	21.299999237060547
2011-10-17	-0.25	-0.0027618408	3.033375	1022.1661111111111	73.69413194444444	9.18326388888889	122.16413194444443	0.1520833333333333	0.0	62.0	223.0	10	-5.25	0.0019225797600959833	96.0	138.0	0.1	0.16	5.5	21.100000381469727
2011-10-24	-0.25	-0.0014781952	7.075762500000001	1021.105	91.22701388888888	7.282395833333333	105.73694444444445	0.8166666666666668	0.0	62.0	230.0	10	-5.25	0.00028040384050741896	87.0	128.0	0.09	0.2	5.6	18.100000381469727
2011-10-31	-0.25	0.041485786	0.753375	1021.901875	95.47618055555556	10.807430555555555	90.84284722222225	0.6687500000000001	0.0	62.0	237.0	10	-1.9834596581416417	0.12300697969814811	75.0	118.0	0.01	0.18	5.7	34.20000076293945
2011-11-07	-0.25	0.0018863678	1.3075500000000002	1021.2548958333332	86.8548263888889	7.612951388888888	77.70072916666666	0.1229166666666666	0.0	62.0	244.0	11	-5.25	0.005560547851298225	68.0	114.0	0.03	0.24	6.1	24.100000381469727
2011-11-21	-0.25	-0.0010800362	2.53935	1021.7815625	89.23857638888889	1.5140277777777778	57.15555555555556	0.2875	0.0	62.0	258.0	11	-5.25	0.0020712163418659772	60.0	98.0	0.03	0.22	6.3	15.800000190734863
2012-03-12	-0.25	0.0010147095	3.6182625	1024.8160763888889	85.10006944444444	7.336666666666666	164.1655902777778	0.94375	0.0166666666666666	14.0	20.0	3	-5.25	0.00031427663080964643	7.0	53.0	0.01	1.23	7.1	23.39999961853028
2012-03-26	-0.25	0.012144089	1.2949875000000002	1033.5322569444445	62.40100694444445	6.8890625000000005	204.8159722222222	0.2229166666666666	0.0	14.0	34.0	3	-5.25	0.054001507469249616	2.0	57.0	0.01	1.06	6.1	40.5
2012-04-02	-0.25	-0.000957489	5.667112500000001	1007.1912152777778	61.34652777777777	5.341909722222222	224.9254861111112	0.8416666666666667	0.0249999999999999	14.0	41.0	4	-5.25	3.127519406554321e-05	4.0	80.0	0.01	0.92	5.7	40.20000076293945
2012-04-09	-0.25	-0.002708435	5.645437500000001	1006.5695833333334	52.98694444444445	5.944930555555556	244.80184027777776	0.7916666666666666	0.0	14.0	48.0	4	-5.25	0.0005777912930421418	4.0	61.0	0.01	0.73	5.3	46.79999923706055
2012-04-16	-0.25	-0.0011329651	4.303050000000001	1013.5085069444444	49.558125	6.492256944444445	263.94614583333333	0.625	0.0	14.0	55.0	4	-5.25	9.80707518258499e-05	2.0	58.0	0.01	0.59	4.5	49.79999923706055
2012-04-23	-0.25	-0.0024318695	3.863775	1005.5002083333334	64.35975694444444	9.0484375	282.0504513888889	0.3979166666666667	0.0	14.0	62.0	4	-5.25	0.0011242868712633663	4.0	59.0	0.01	0.35	3.7	60.29999923706055
2012-04-30	-2.5599	0.6623001	3.1783125	1015.9671875	61.73430555555556	16.378993055555554	298.84947916666664	0.7541666666666668	0.0	14.0	69.0	4	-2.5219744391673355	0.4697396761819458	2.0	68.0	0.01	0.01	3.0	55.20000076293945
2012-05-07	-0.25	0.0021104813	1.8147375000000003	1018.1594444444444	71.11638888888889	10.427326388888888	314.0836805555556	0.8083333333333332	0.0083333333333333	14.0	76.0	5	-5.25	0.005979493327486154	2.0	59.0	0.01	0.0	3.0	42.59999847412109
2012-05-14	-0.25	-0.002407074	3.420296590909091	1020.9726799242424	59.548532196969695	11.805195707070707	327.6665688131313	0.3895833333333333	0.0	14.0	83.0	5	-5.25	0.005669735959843994	3.0	62.0	0.06	0.03	3.8	28.600000381469727
2012-05-21	-3.5913	0.2855978	5.16885	1003.9630555555556	46.826875	21.36895833333333	338.9973958333333	0.7729166666666667	0.0	14.0	90.0	5	-5.04666559687312	0.17842353982223205	5.0	62.0	0.01	0.04	4.2	33.5
2012-05-28	-1.7934	0.26516342	1.6009125	1012.9384375	50.628819444444446	18.42385416666667	348.2859375	0.5208333333333334	0.0	14.0	97.0	5	-1.6863276121501685	0.3350590171782379	5.0	69.0	0.01	0.0	4.7	37.79999923706055
2012-06-04	-0.25	0.013292313	3.3042	1009.6142708333332	70.30378472222222	11.85142361111111	355.25371527777776	0.84375	0.0458333333333333	14.0	104.0	6	-5.25	0.07591910832270829	30.0	98.0	0.07	0.03	5.7	38.59999847412109
2012-06-11	-0.25	0.03698349	1.5042	1004.8065277777778	50.02965277777778	18.00465277777778	359.78288194444445	0.5833333333333334	0.0	14.0	111.0	6	-5.25	0.3892331481319923	31.0	96.0	0.01	0.0	6.3	44.20000076293945
2012-06-18	-0.25	-0.001033783	4.675205357142858	1016.486498015873	61.15572420634921	20.658382936507937	361.7987152777778	0.3354166666666667	0.4375	14.0	118.0	6	-5.25	0.0012772048333609854	40.0	104.0	0.01	0.0	7.1	39.70000076293945
2012-06-25	-0.25	-0.0015716553	8.1285375	1009.610625	71.4342013888889	15.0659375	361.26909722222223	0.7520833333333333	0.1541666666666666	14.0	125.0	6	-5.25	0.0003310300987157466	57.0	133.0	0.01	0.0	8.1	44.70000076293945
2012-07-02	-1.1041	0.7823334	2.0747291666666667	1020.7209722222224	60.0646875	18.6090625	319.6664930555556	0.6291666666666667	0.0583333333333333	14.0	132.0	7	-0.9706114648328417	1.6918331773171889	47.0	121.0	0.01	0.0	9.0	39.59999847412109
2012-07-09	-3.5874	0.87950706	4.9611375	1010.9120486111112	61.48434027777778	20.28649305555556	352.7347916666667	0.5708333333333333	0.0	14.0	139.0	7	-4.679281964744564	0.8332823920218835	35.0	96.0	0.01	0.0	8.7	23.299999237060547
2012-07-16	-0.25	-0.0028419495	4.796625	1019.0958680555556	73.26163194444445	15.575486111111111	344.9210763888889	0.84375	0.1791666666666666	14.0	146.0	7	-5.25	0.0019056168716343395	74.0	146.0	0.08	0.04	9.0	26.799999237060547
2012-07-23	-0.25	0.026908875	1.3110000000000002	1028.1476388888889	59.78368055555556	18.3971875	334.93364583333334	0.4333333333333333	0.0	14.0	153.0	7	-5.25	0.22965058535344396	72.0	125.0	0.01	0.09	9.1	40.20000076293945
2012-07-30	-3.4612	0.72000504	4.08495	1016.2478472222224	58.42065972222222	18.39642361111111	322.94277777777774	0.55625	0.0	14.0	160.0	7	-3.7422665287787975	0.6599390429170747	45.0	96.0	0.06	0.01	8.5	27.299999237060547
2012-08-06	-2.5302	0.34698296	4.3434	1009.9166319444444	70.76326388888889	20.511875	309.1474305555556	0.8104166666666667	0.0	14.0	167.0	8	-4.6592450639912	0.4487168492560413	33.0	93.0	0.01	0.0	8.1	26.39999961853028
2012-08-13	-0.25	-0.0024414062	2.2762125	1018.8354861111112	60.26326388888889	16.227777777777778	293.75618055555555	0.29375	0.0	14.0	174.0	8	-5.25	0.009625596595518104	85.0	167.0	0.01	0.03	9.1	47.400001525878906
2012-08-20	-1.49	0.5035324	1.4569943181818183	1016.1701546717172	63.128062920875415	25.39432765151515	277.5996243686869	0.5375	0.0041666666666666	14.0	181.0	8	-1.3636073541364426	0.6312612429764396	69.0	126.0	0.01	0.0	9.0	33.20000076293945
2012-08-27	-0.25	-0.0029067993	3.5551125000000003	1019.2867708333332	63.60045138888889	16.194861111111113	259.09375	0.4833333333333333	0.0	14.0	188.0	8	-5.25	0.0012735289249474846	113.0	202.0	0.06	0.03	9.5	44.70000076293945
2012-09-03	-0.25	0.06895256	1.35315	1023.3722222222224	70.43489583333333	17.396284722222223	240.3129861111111	0.5458333333333333	0.0	14.0	195.0	9	-5.218158635693908	0.7584514645977397	116.0	201.0	0.01	0.02	10.2	50.70000076293945
2012-09-10	-0.25	0.062833786	1.3785375000000002	1014.5712152777778	67.37086805555556	20.74607638888889	220.9096875	0.4895833333333333	0.0	14.0	202.0	9	-5.25	0.22177318812933866	138.0	197.0	0.14	0.06	10.5	27.100000381469727
2012-09-17	-0.25	0.0043468475	2.172525	1013.2192708333332	70.67947916666667	16.75982638888889	201.1886111111111	0.55625	0.0	14.0	209.0	9	-5.25	0.0043432956786220835	131.0	198.0	0.05	0.08	10.4	33.900001525878906
2012-09-24	-0.25	-0.0021209717	5.11455	1003.6568055555556	63.46072916666666	13.977152777777777	181.4388541666667	0.8833333333333333	0.0083333333333333	14.0	216.0	9	-5.25	0.001403912912458459	126.0	180.0	0.04	0.07	10.1	42.0
2012-10-01	-0.25	0.00866127	1.0824	1017.5896180555555	78.22215277777778	12.392569444444446	161.98378472222225	0.7541666666666668	0.0	14.0	223.0	10	-5.25	0.032038488421242683	104.0	166.0	0.01	0.04	9.6	36.79999923706055
2012-10-08	-0.25	-0.0018844604	4.647825	1017.2811805555556	75.61093749999999	10.311076388888887	143.14788194444444	0.6791666666666667	0.0	14.0	230.0	10	-5.25	0.000530578633797011	112.0	164.0	0.04	0.07	9.2	31.299999237060547
2012-10-15	-0.25	0.0011453629	3.9697708333333335	1003.4794097222222	83.28631944444444	9.79079861111111	121.3104513888889	0.7166666666666667	0.0041666666666666	14.0	237.0	10	-5.25	0.0020220380486452518	103.0	160.0	0.01	0.08	9.2	36.29999923706055
2012-10-22	-0.25	0.086756706	2.5107375000000003	1025.101111111111	95.6717361111111	12.50628472222222	108.56086805555556	0.99375	0.0	14.0	244.0	10	-4.6412289909802595	0.09813606807139967	84.0	144.0	0.01	0.01	9.2	34.099998474121094
2012-10-29	-0.25	-0.005296707	3.3271125	1014.7169097222222	80.654375	2.331076388888889	93.3827777777778	0.4791666666666667	0.0	14.0	251.0	10	-5.25	0.012614750908467578	79.0	117.0	0.04	0.07	9.4	4.5
2012-11-05	-0.25	0.0022258759	5.2851375	998.9564236111112	82.81354166666667	8.031701388888889	79.91027777777778	0.85	0.0	14.0	258.0	11	-5.25	9.088699188785502e-05	71.0	93.0	0.01	0.16	9.2	10.100000381469728
2012-11-19	-0.25	-0.00068473816	2.38605	1020.6503125	99.3196527777778	6.134166666666666	58.66545138888889	0.95625	0.0	14.0	272.0	11	-5.25	0.0011996408214254976	62.0	81.0	0.01	0.24	8.7	7.5
2013-03-04	-0.25	0.0021641254	2.025	1023.4	74.0	1.8416666666666668	148.49537037037038	0.0666666666666666	0.0	33.0	8.0	3	-5.25	0.0	6.0	48.0	0.015	1.38	6.4	
2013-03-18	-0.25	-0.00039160252	6.9033375	1000.5823263888888	55.00159722222222	0.0627083333333333	180.36503472222225	1.0	0.0125	33.0	22.0	3	-5.25	2.8151789906853118e-05	6.0	45.0	0.015	1.34	5.7	19.799999237060547
2013-04-02	-0.25	-0.021800756	2.724225	1016.371875	67.48225694444444	-0.5399652777777778	223.95541666666668	0.6875	0.0	33.0	37.0	4	-5.25	0.012285994209857806	5.0	39.0	0.04	1.17	5.7	25.0
2013-04-08	-0.25	-0.025365353	2.4371250000000004	1012.1926736111112	60.50802083333334	3.1296180555555555	241.0677083333333	0.60625	0.0	33.0	43.0	4	-5.25	0.024713424643072076	5.0	45.0	0.015	1.12	5.5	23.100000381469727
2013-04-15	-1.7819	0.13766813	4.8820125	1021.8419444444444	49.02940972222223	13.6034375	260.3907638888889	0.5499999999999999	0.0	33.0	50.0	4	-5.25	0.015492475184076015	1.5	44.0	0.015	0.98	5.1	26.89999961853028
2013-04-22	-0.25	0.025071144	1.7784375	1014.7323611111112	54.74243055555556	11.74638888888889	278.71791666666667	0.5520833333333334	0.0	33.0	57.0	4	-5.25	0.023629101006320416	3.0	41.0	0.015	0.83	4.3	24.89999961853028
2013-04-29	-4.559	0.1786375	4.4626875	1015.9235069444444	59.7678125	10.96326388888889	295.7839583333334	0.7708333333333334	0.0	33.0	64.0	4	-5.25	0.22306478565002755	3.0	42.0	0.015	0.61		33.8
2013-05-06	-2.3021	0.40215683	3.1572750000000003	1021.8397569444444	58.13572916666666	15.048506944444446	311.3414236111111	0.5354166666666667	0.0	33.0	71.0	5	-1.7079554515443132	0.3215573477774223	4.0	40.0	0.015	0.31		45.7
2013-05-13	-0.25	0.009269714	5.160825	1013.9525	67.72565972222222	11.214687500000002	325.13854166666664	0.40625	0.0	33.0	78.0	5	-5.25	0.042754488287716566	4.0	43.0	0.015	0.18		22.9
2013-05-21	-0.25	-0.0022335052	4.7719125	1009.1679861111112	66.07645833333333	13.981006944444443	338.5164236111111	0.6833333333333332	0.0	33.0	86.0	5	-5.25	0.0009957092973505927	4.0	44.0	0.015	0.15		25.7
2013-05-27	-0.25	0.011955261	2.8242	1006.2239236111112	64.76479166666667	13.000972222222222	346.70371527777775	0.7291666666666666	0.0	33.0	92.0	5	-5.25	0.007019378291456435	11.0	47.0	0.09	0.17	2.8	11.600000381469728
2013-06-03	-0.25	-0.0018482208	4.11225	1019.9205208333332	59.825	13.997291666666667	354.0943055555556	0.8208333333333333	0.0333333333333333	33.0	99.0	6	-5.25	0.0013787883919958459	12.0	58.0	0.06	0.17	3.4	16.5
2013-06-10	-2.0967	0.826231	3.0163766666666665	1009.6672986111112	58.42090972222223	16.654631944444443	346.70505787037035	0.7145833333333332	0.0875	33.0	106.0	6	-2.4902417682637012	0.7487489277569523	6.0	65.0	0.015	0.12		19.8
2013-06-17	-0.25	0.018676758	1.9502250000000003	1017.3764930555554	49.26965277777777	20.5325	361.5461111111111	0.6895833333333333	0.0	33.0	113.0	6	-5.25	0.04660062906637712	7.0	63.0	0.06	0.09		29.6
2013-06-24	-0.25	0.005214691	2.47875	1016.9195833333332	58.39284722222222	18.82423611111111	361.4873958333333	0.8541666666666666	0.0	33.0	120.0	6	-5.25	0.00695549338756587	5.0	59.0	0.015	0.15		45.1
2013-07-01	-0.25	-0.00053596497	4.1434125	1015.7585069444444	71.18934027777777	18.746354166666663	358.8824305555556	0.7687499999999999	0.4000000000000001	33.0	127.0	7	-5.25	0.0002745784666520587	24.0	74.0	0.05	0.18	4.1	34.79999923706055
2013-07-08	-3.4249	0.2517929	1.5987	1029.5426041666667	60.26149305555556	20.71361111111111	353.8110763888889	0.0791666666666666	0.0	33.0	134.0	7	-3.231446519363569	0.9997989651873919	5.0	54.0	0.015	0.02		32.8
2013-07-15	-0.25	-0.0013637543	2.6104875	1020.7960416666666	62.42725694444445	17.82361111111111	346.3999305555556	0.4604166666666667	0.0	33.0	141.0	7	-5.25	0.001225496583124475	26.0	81.0	0.06	0.08	3.7	24.89999961853028
2013-07-22	-0.5	0.25028992	1.35885	1017.4629861111111	48.02628472222222	23.969583333333333	336.75791666666663	0.2312499999999999	0.0	33.0	148.0	7	-0.9465632230751557	0.6299316298453314	7.0	72.0	0.015	0.005		20.0
2013-07-29	-2.1461	0.8823662	2.293725	1012.8720833333332	86.34284722222223	22.1628125	325.0909722222222	0.8666666666666667	1.1875	33.0	155.0	7	-2.1427108174530223	0.8737255223447458	14.0	91.0	0.015	0.02		12.1
2013-08-05	-2.7134	0.39594078	2.027925	1019.3299305555556	73.89093749999999	21.961354166666663	311.59038194444446	0.5729166666666666	0.0	33.0	162.0	8	-3.093203555262697	1.0230387460456156	38.0	125.0	0.015	0.005		9.1
2013-08-12	-0.25	-0.00393486	3.5011500000000004	1014.7318402777778	69.49430555555556	18.034305555555555	296.4613194444444	0.8041666666666667	0.125	33.0	169.0	8	-5.25	0.0033971890824589478	72.0	162.0	0.11	0.005	4.1	12.209256172180176
2013-08-19	-0.25	0.015666962	2.4101125000000003	1014.8926736111111	86.95479166666667	18.41993055555556	278.37981481481484	0.8958333333333334	0.1	33.0	176.0	8	-5.25	0.005360677410455091	44.0	123.0	0.05	0.02	4.7	52.20000076293945
2013-08-26	-0.25	-0.0032520294	4.643325	1018.4024305555556	51.018576388888896	16.98607638888889	262.1580902777778	0.39375	0.0	33.0	183.0	8	-5.25	0.001589002206014684	44.0	117.0	0.015	0.02	2.4	50.70000076293945
2013-09-02	-0.25	-0.0028533936	7.624350000000001	1016.7473958333334	83.75899305555556	15.244409722222224	243.49993055555555	0.9229166666666666	0.1333333333333333	33.0	190.0	9	-5.25	0.000774194634479109	38.0	130.0	0.015	0.01	3.5	66.69999694824219
2013-09-09	-0.25	0.0008239746	3.707475	1014.1692013888888	85.3542013888889	14.073055555555555	224.18270833333327	0.7520833333333333	0.4791666666666667	33.0	197.0	9	-5.25	0.0013373656016537636	36.0	116.0	0.015	0.01		52.2
2013-09-16	-0.25	-0.0018005371	4.167862500000001	1001.3242013888888	83.81531249999999	13.881736111111111	204.4555902777778	0.91875	0.0458333333333333	33.0	204.0	9	-5.25	0.001129859054737007	68.0	124.0	0.15	0.04	2.4	9.5
2013-09-23	-0.25	0.00031280518	5.604333333333334	1018.4340625	78.89923611111111	16.039583333333333	170.3954513888889	0.9145833333333332	0.0	33.0	211.0	9	-5.25	0.00018417909007855638	83.0	146.0	0.32	0.08	2.7	7.400000095367432
2013-09-30	-0.25	-0.00422287	4.659937500000001	1017.4625	69.53871527777778	9.0415625	165.16364583333333	0.3270833333333333	0.0	33.0	218.0	9	-5.25	0.001971599058090954	80.0	120.0	0.33	0.17	3.4	9.5
2013-10-07	-0.5	0.17899323	0.4881375	1027.5375	89.14392361111112	13.233229166666666	146.16409722222224	0.9208333333333334	0.0	33.0	225.0	10	-5.25	9.758695090100922	67.0	93.0	0.3	0.24	3.8	7.800000190734863
2013-10-14	-0.25	-0.0026817322	2.638792261904762	1019.8745023148148	79.32336970899472	9.161691468253968	128.18832837301588	0.6395833333333333	0.0	33.0	232.0	10	-5.25	0.004124467262485185	61.0	93.0	0.33	0.29	4.2	8.600000381469727
2013-10-21	-0.25	0.025772095	3.7051125	1014.8978125	82.22760416666667	13.746493055555556	111.43743055555557	0.7583333333333333	0.0	33.0	239.0	10	-5.25	0.010805223167416722	57.0	73.0	0.23	0.35	4.6	8.100000381469727
2013-10-28	-0.25	-0.00045585632	8.466637500000001	1000.8729513888889	65.15081597222222	14.613784722222222	95.9901909722222	0.7291666666666666	0.0416666666666666	33.0	246.0	10	-5.25	3.566138077049899e-05	49.0	78.0	0.18	0.4	4.9	11.0
2013-11-04	-0.25	-0.0016107559	7.7103	992.7119444444444	77.22010416666667	8.934861111111111	82.18284722222224	0.7999999999999999	0.0791666666666666	33.0	253.0	11	-5.25	0.0001289349952795055	48.0	83.0	0.015	0.16	5.1	3.5
2013-11-18	-0.25	-0.0005030632	3.5541666666666667	1013.5833333333334	88.79166666666667	5.3875	8.101851851851853	0.9625	0.0041666666666666	33.0	267.0	11	-5.25	0.0	162.0	182.0	0.22	0.55	5.5	2.5999999046325684
2014-03-03	-0.25	-0.0021686554	4.81395	998.5260763888888	74.61177083333332	4.807638888888889	137.99305555555554	0.35625	0.0	16.0	20.0	3	-5.25	0.000382493293401871	3.0	27.0	0.015	0.73	5.8	16.399999618530273
2014-03-17	-0.25	0.00080776215	7.8533625	1012.6236458333332	72.92173611111112	9.731701388888888	177.02916666666667	0.9625	0.0	16.0	34.0	3	-5.25	5.9575052900372896e-05	3.0	26.0	0.03	0.59	6.9	6.699999809265137
2014-03-31	-1.9926	0.22141933	1.1916675	1013.9166875	66.6980138888889	9.586770833333334	190.97265277777777	0.7208333333333333	0.0	16.0	48.0	3	-1.6873693972553994	0.4288762628484786	4.0	34.0	0.08	0.43	4.9	12.699999809265137
2014-04-07	-1.5566	0.23066807	2.2140375000000003	1015.7379166666666	78.64163194444444	14.127118055555556	237.7707986111111	0.8250000000000001	0.0499999999999999	16.0	55.0	4	-1.897421780272897	0.15384957999324744	1.5	41.0	0.015	0.31	5.3	13.600000381469728
2014-04-14	-0.25	-0.0016832352	6.207787500000001	1008.0256944444444	69.36902777777777	7.859236111111111	257.20229166666667	0.7229166666666668	0.2875	16.0	62.0	4	-5.25	0.0003415884940223753	5.0	34.0	0.015	0.24	4.5	13.199999809265137
2014-04-22	-0.25	0.02494812	1.5157125	1011.8664930555556	78.29260416666666	14.430868055555557	278.2770486111111	0.7416666666666667	0.0208333333333333	16.0	70.0	4	-5.25	0.03985256305018014	1.5	65.0	0.015	0.15	4.2	19.39999961853028
2014-04-28	-0.25	-0.0005493164	3.0962625	1010.4615972222224	65.80729166666667	14.594826388888889	293.01451388888887	0.3520833333333333	0.0	16.0	76.0	4	-5.25	0.0003980020269347957	3.0	30.0	0.015	0.13	3.8	4.800000190734863
2014-05-05	-0.25	0.014472008	1.5177000000000005	1019.4256944444444	66.17052083333333	9.656909722222222	308.8365277777778	0.6166666666666666	0.0	16.0	83.0	5	-5.25	0.07689303200572012	17.0	40.0	0.11	0.11	3.8	2.200000047683716
2014-05-12	-0.25	-0.0013961792	6.6790125	1006.5803125	73.34652777777778	11.69951388888889	322.9581944444445	0.7791666666666667	0.0458333333333333	16.0	90.0	5	-5.25	0.0002516714997053996	25.0	48.0	0.08	0.13	3.9	4.0
2014-05-19	-2.418	0.22871017	2.2567875	1011.4179513888888	80.68194444444444	14.347569444444444	335.15090277777773	0.6166666666666667	0.0	16.0	97.0	5	-3.459429984248856	0.28561377661257475	26.0	43.0	0.22	0.17	3.5	6.300000190734863
2014-05-26	-5.0	0.47096062	3.6640530303030303	1017.420494949495	57.114715277777776	19.33489015151515	346.9281200396826	0.5583333333333333	0.0	16.0	104.0	5	-3.450577558849791	1.6521249936699574	4.0	44.0	0.015	0.01		25.4
2014-06-02	-0.25	0.00046920776	2.226173863636364	1018.8763236531986	62.25548716329967	14.116781355218857	356.6566035353535	0.59375	0.0	16.0	111.0	6	-5.25	0.0008582891683119319	9.0	48.0	0.015	0.09		22.8
2014-06-10	-2.0471	0.9356575	2.811860227272728	1018.8499211910774	66.16291372053873	24.332398253367003	359.4657708333333	0.7374999999999999	0.0	16.0	119.0	6	-2.7320495604475883	0.44639678894299484	6.0	36.0	0.015	0.005		11.3
2014-06-16	-0.25	0.07662964	1.91565	1018.3518402777776	55.59743055555556	16.270902777777778	361.3643402777778	0.56875	0.0	16.0	125.0	6	-5.25	0.7266303966932003	6.0	38.0	0.015	0.005		20.9
2014-06-23	-0.25	-0.0034046173	3.8647875	1018.8602430555557	55.08725694444445	14.368472222222223	361.7566319444445	0.5625	0.0	16.0	132.0	6	-5.25	0.00201795473705366	25.0	68.0	0.03	0.02	3.6	19.700000762939453
2014-06-30	-0.25	0.0006828308	2.877675	1011.7543055555556	70.0801388888889	16.13	359.5996875	0.81875	0.0875	16.0	139.0	6	-5.25	0.008763007161332523	16.0	54.0	0.015	0.005		15.8
2014-07-07	-2.9968	0.7321758	3.0049875000000004	1014.3998958333332	72.90385416666668	21.771597222222223	354.96583333333336	0.6083333333333333	0.0333333333333333	16.0	146.0	7	-2.130225123061566	0.6399930053252572	17.0	50.0	0.015	0.005		10.0
2014-07-14	-0.25	-0.0038814545	3.9643875	1010.5744097222224	75.70520833333333	19.90798611111111	347.9735069444444	0.7770833333333332	0.0041666666666666	16.0	153.0	7	-5.25	0.005006544141844286	24.0	58.0	0.03	0.005		19.0
2014-07-21	-1.6584	0.70542145	4.1975625	1010.0715972222224	56.30111111111111	24.31923611111111	338.7437847222222	0.65	0.0	16.0	160.0	7	-3.3202231886268403	0.45134331890658447	13.0	50.0	0.04	0.005		14.4
2014-07-28	-2.3234	0.34152603	1.7200500000000003	1012.1521875	77.62059027777778	22.579062500000003	327.4417013888889	0.8562500000000001	0.15	16.0	167.0	7	-2.1815707985808936	0.5745631550756309	21.0	65.0	0.03	0.02		32.5
2014-08-04	-0.25	0.07093239	2.0761329545454545	1013.7864236111112	84.14410984848485	20.43278093434344	314.20996212121213	0.8333333333333334	0.2083333333333333	16.0	174.0	8	-5.25	0.20485411925909225	15.0	58.0	0.06	0.01		17.6
2014-08-11	-0.25	-0.0045394897	4.6635	1010.2144791666666	59.73972222222222	20.48263888888889	299.4204513888889	0.6541666666666667	0.0083333333333333	16.0	181.0	8	-5.25	0.0027662561383852203	39.0	90.0	0.1	0.02	4.4	34.099998474121094
2014-08-18	-0.25	-0.002588272	8.0167125	1004.5829166666668	58.508472222222224	17.34013888888889	283.1351736111111	0.6208333333333333	0.0291666666666666	16.0	188.0	8	-5.25	0.0006521604837092922	55.0	108.0	0.06	0.05	4.2	34.29999923706055
2014-08-25	-0.25	-0.002986908	4.33335	1014.5273611111112	67.14354166666666	14.336041666666668	265.6154861111111	0.5708333333333333	0.0041666666666666	16.0	195.0	8	-5.25	0.0020064705059577564	56.0	105.0	0.04	0.01	3.9	22.0
2014-09-01	-4.4449	0.26976585	1.4851125000000005	1016.8415972222224	91.88697916666666	14.737743055555557	247.0902430555556	0.9625	0.1166666666666666	16.0	202.0	9	-3.082517539582519	1.4309956402141895	55.0	96.0	0.06	0.01	4.1	12.100000381469728
2014-09-08	-0.5	0.20944214	1.14225	1015.8226736111112	72.33600694444443	19.07	227.8876388888889	0.6541666666666667	0.0	16.0	209.0	9	-1.1610746232820224	0.45510188832187676	58.0	104.0	0.06	0.03		11.2
2014-09-15	-0.25	0.029067993	3.7323375	1019.4226388888889	58.44024305555556	19.82548611111111	208.25538194444445	0.5625	0.0291666666666666	16.0	216.0	9	-5.25	0.16559421968580207	78.0	118.0	0.19	0.07	5.2	6.699999809265137
2014-09-22	-0.25	0.0051651	5.2030875	1010.4491666666668	77.74378472222223	12.198819444444444	188.4740625	0.8354166666666667	0.0666666666666666	16.0	223.0	9	-5.25	0.01807481503559486	86.0	126.0	0.2	0.12	5.6	7.699999809265137
2014-09-29	-0.25	0.06646919	1.3143315584415585	1022.7692578914142	80.0084733044733	16.2446093975469	168.29095833333335	0.7333333333333334	0.0	16.0	230.0	9	-5.25	0.36902702383078845	89.0	114.0	0.015	0.18	6.0	4.0
2014-10-06	-0.25	-0.0022058487	4.522687500000001	1017.0734375	71.20142361111111	13.141041666666666	149.79114583333333	0.4729166666666666	0.0	16.0	237.0	10	-5.25	0.0019389122116872037	72.0	107.0	0.11	0.22	6.3	15.800000190734863
2014-10-13	-0.25	0.00288105	2.551425	1009.249163510101	85.24761363636364	15.652364267676768	131.41068497474748	0.8375	0.0	16.0	244.0	10	-5.25	0.005184197516440582	80.0	105.0	0.15	0.27	6.6	5.400000095367432
2014-10-20	-0.25	-0.00085926056	5.7844500000000005	1012.3530902777778	82.0057986111111	14.08642361111111	114.37503472222222	0.7312500000000001	0.0	16.0	251.0	10	-5.25	0.00016916427902398414	87.0	111.0	0.16	0.3	7.0	2.700000047683716
2014-10-27	-0.25	0.0025157928	2.746682343073593	1026.8030324224387	81.81212829184705	10.963508342352092	86.16638777657528	0.5499999999999999	0.0	16.0	258.0	10	-5.25	0.003958290194606457	83.0	103.0	0.16	0.33	7.4	1.2999999523162842
2014-11-10	-0.25	-0.0004043579	2.3455125000000003	1012.2700347222222	93.4601736111111	9.21715277777778	72.21822916666666	0.8958333333333334	0.0041666666666666	16.0	272.0	11	-5.25	0.0	74.0	94.0	0.16	0.41	7.4	2.299999952316284
2014-11-24	-0.25	-0.00078582764	3.0138375000000006	1021.7095486111112	91.08003472222224	6.342361111111111	53.51072916666666	0.6124999999999999	0.0708333333333333	16.0	286.0	11	-5.25	0.00012818792681297927	62.0	77.0	0.22	0.46	7.1	1.0
2016-03-14	-0.25	-0.0011940002	1.536709090909091	1033.9708301767675	71.63287247474747	3.723121843434344	169.855625	0.8416666666666667	0.0	10.0	49.0	3	-5.25	0.0019384896239971084	10.0	40.0	0.015	0.52	6.1	23.100000381469727
2016-03-29	-0.25	-1.1444092e-05	4.8494625000000005	1006.0123958333334	83.27819444444445	7.612430555555555	213.35163194444445	0.6958333333333333	0.2375	10.0	64.0	3	-5.25	7.252882199311219e-05	12.0	31.0	0.015	0.48	5.2	8.100000381469727
2016-04-04	-0.5	0.17098427	0.5899875	1008.1082638888888	62.085	14.450069444444445	230.65958333333333	0.8041666666666667	0.0	10.0	70.0	4	-0.7645238072798446	0.09834091535218933	6.0	28.0	0.015	0.41	5.5	13.399999618530272
2016-04-11	-0.25	0.07457256	1.898625	1016.6571527777778	64.68336805555556	9.645451388888889	250.3674652777778	0.8937499999999999	0.0	10.0	77.0	4	-5.226624802675841	0.3451228065854191	6.0	32.0	0.015	0.42	4.9	7.699999809265137
2016-04-18	-0.25	-0.003317833	3.7440075	1018.9261041666668	53.347	8.640472222222222	269.23631944444446	0.4145833333333333	0.0	10.0	84.0	4	-5.25	0.002199486222026373	9.0	40.0	0.03	0.35	6.4	12.399999618530272
2016-04-25	-0.25	-0.0027046204	4.474687500000001	1006.9295138888888	65.10583333333334	5.523472222222222	286.9898611111111	0.6708333333333334	0.0166666666666666	10.0	91.0	4	-5.25	0.001209214260448627	12.0	45.0	0.015	0.2	4.4	10.300000190734863
2016-05-02	-0.25	0.0052223206	2.330479545454545	1023.487006523569	56.25841750841752	12.586021675084176	303.2108428030303	0.1583333333333333	0.0	10.0	98.0	5	-5.25	0.006699310998668354	7.0	29.0	0.015	0.13	4.4	10.300000190734863
2016-05-09	-0.25	-0.0005788803	4.731000000000001	1019.6684375	49.00663194444445	18.845694444444444	318.12111111111113	0.1229166666666666	0.0	10.0	105.0	5	-5.25	0.0003366622565169599	13.0	31.0	0.05	0.09	4.4	3.400000095367432
2016-05-17	-0.25	-0.0018434525	4.8826875	1014.3625347222222	70.99954861111111	10.164444444444444	332.7061805555556	0.8854166666666666	0.0083333333333333	10.0	113.0	5	-5.25	0.0005964099960716208	23.0	49.0	0.05	0.11	3.8	3.5999999046325684
2016-05-23	-3.8023	0.46706772	2.2729875	1006.8788541666668	63.68354166666666	21.24385416666667	341.88034722222216	0.7625000000000001	0.5791666666666667	10.0	119.0	5	-3.069960783416637	1.1849413737225867	6.0	30.0	0.03	0.03		32.1
2016-05-30	-0.25	0.047763824	3.74295	1005.5903819444444	79.17621527777779	20.81636047979798	350.5183680555556	0.4916666666666667	0.4624999999999999	10.0	126.0	5	-5.25	0.1441283233395097	6.0	40.0	0.03			31.1
2016-06-06	-1.7722	0.32022476	3.4938750000000005	1021.1466319444444	47.47121527777778	20.031316287878788	356.7922222222223	0.1208333333333333	0.0	10.0	133.0	6	-3.842285351493664	0.30174907235228277	13.0	30.0	0.03	0.03		6.8
2016-06-13	-0.25	0.038248062	1.7892	1002.6145138888888	96.72677083333332	14.127569444444443	360.6142013888889	0.99375	0.175	10.0	140.0	6	-5.25	0.11180446596106836	9.0	34.0	0.03			17.0
2016-06-20	-0.25	0.019733429	2.7866250000000004	1020.574340277778	59.95295138888889	18.80920138888889	361.8785416666667	0.3895833333333333	0.0	10.0	147.0	6	-5.25	0.08876129388865757	9.0	56.0				32.6
2016-06-27	-0.25	0.028015137	2.652225	1017.1596180555556	60.63506944444445	19.05673611111111	360.6540277777778	0.4833333333333333	0.0	10.0	154.0	6	-5.25	0.5843219414292368	12.0	52.0	0.04	0.01		20.5
2016-07-04	-0.25	-0.0030727386	2.5164	1020.4615972222224	59.05645833333333	17.996666666666666	356.9009722222222	0.3520833333333333	0.0	10.0	161.0	7	-5.25	0.00487449010037303	28.0	69.0			2.8	26.299999237060547
2016-07-11	-0.25	0.05542755	3.2866875000000007	1008.0220486111112	55.60163194444444	24.81274305555556	350.7290972222222	0.8166666666666668	0.0	10.0	168.0	7	-5.25	0.07828397595657992	34.0	79.0		0.01		32.9
2016-07-18	-2.2536	0.22372246	2.6095125	1019.7272222222224	70.38302083333333	18.83458333333333	342.2836805555555	0.8250000000000001	0.0	10.0	175.0	7	-3.760935500243261	0.41914577307971185	32.0	73.0	0.06	0.02	3.3	20.100000381469727
2016-07-25	-4.5371	0.27333832	1.1777625	1017.3738194444444	61.15309027777778	25.00277777777778	331.7109722222222	0.3729166666666666	0.0	10.0	182.0	7	-1.9467258879741254	0.8466698280136384	11.0	60.0	0.03			14.5
2016-08-01	-0.25	0.08877182	4.0225125	1016.5783333333334	68.15038194444445	17.957256944444445	319.18576388888886	0.4937499999999999	0.0	10.0	189.0	8	-5.25	0.10134484560912858	24.0	73.0			3.4	23.5
2016-08-08	-0.25	-0.002128601	4.3257	1017.0843055555556	57.83413194444445	21.82815972222222	304.90652777777774	0.5645833333333333	0.0	10.0	196.0	8	-5.25	0.0025589351715704562	59.0	100.0	0.05	0.02	4.1	12.600000381469728
2016-08-15	-0.25	-0.00044631958	2.0439000000000003	1022.8664930555556	66.24430555555556	16.779618055555556	289.0946875	0.4666666666666666	0.0	10.0	203.0	8	-5.25	0.002850174553454209	56.0	105.0	0.05	0.16	4.3	22.89999961853028
2016-08-22	-3.552	0.24728775	2.9202	1023.9820486111112	72.50548611111111	18.907847222222223	271.9842361111111	0.6270833333333333	0.0	10.0	210.0	8	-4.744441875283663	0.8633939665401149	39.0	74.0				19.2
2016-08-29	-0.5	0.39980888	4.1914875	1016.016215277778	62.62090277777778	20.71472222222222	253.80947916666665	0.6354166666666666	0.0	10.0	217.0	8	-4.037708259392742	0.3448293143520501	38.0	71.0	0.03	0.01		7.1
2016-09-05	-0.25	7.6293945e-05	2.8420125000000005	1014.9767708333334	90.94208333333334	17.42253472222222	234.8135763888889	0.7395833333333334	0.2791666666666667	10.0	224.0	9	-5.25	0.00014107704266692222	73.0	112.0	0.13	0.08	4.5	8.300000190734863
2016-09-12	-0.5	0.19837761	0.914475	1019.4337847222222	62.02600694444445	23.9346875	215.30184027777776	0.1354166666666666	0.0	10.0	231.0	9	-1.5513733646285368	0.6901282878971353	64.0	111.0	0.05	0.07		18.4
2016-09-19	-0.25	-0.003686905	2.5004625000000003	1017.5685763888888	57.13395833333333	15.620625	195.5320833333333	0.68125	0.0	10.0	238.0	9	-5.25	0.0045597695569099895	74.0	112.0	0.08	0.06	4.4	16.399999618530273
2016-09-26	-0.25	0.0031356812	1.1643	1022.104965277778	68.63552083333333	15.093472222222225	175.8296875	0.53125	0.0	10.0	245.0	9	-5.25	0.012181072021721171	72.0	124.0	0.03	0.05	4.4	32.599998474121094
2016-10-04	-0.25	0.0029907227	4.157212500000001	1032.0345486111112	66.01017361111111	12.6496875	153.8214236111111	0.4479166666666667	0.1958333333333333	10.0	253.0	10	-5.25	0.0030973154327406	71.0	118.0	0.03	0.05	4.1	25.200000762939453
2016-10-10	-0.25	-0.0012922287	1.1512875	1023.9825694444444	89.01145833333334	8.461979166666667	137.92388888888888	0.8583333333333334	0.0	10.0	259.0	10	-5.25	0.007491421254932801	73.0	107.0	0.09	0.04	3.9	17.399999618530273
2016-10-17	-0.25	-0.0011262894	4.9155750000000005	1025.7051388888888	99.90868055555556	7.865659722222222	120.35190972222222	1.0	0.0	10.0	266.0	10	-5.25	0.00040199491304315706	72.0	83.0	0.07	0.13	4.0	8.0
2016-10-24	-0.25	0.0020980835	1.6554000000000002	1017.1779513888888	100.22354166666666	8.046041666666666	104.07079861111112	0.96875	0.1875	10.0	273.0	10	-5.25	0.008623195213692886	71.0	94.0	0.05	0.18	4.7	5.099999904632568
2016-10-31	-0.25	-0.0024604797	1.87425	1027.8804861111112	99.88829861111113	7.292569444444445	89.35152777777779	0.7333333333333334	0.0291666666666666	10.0	280.0	10	-5.25	0.007582234888878842	71.0	97.0	0.05	0.22	4.5	3.400000095367432
2016-11-07	-0.25	-0.002090454	1.5402000000000002	1005.8739930555556	95.07635416666666	4.580208333333333	76.39045138888889	0.9270833333333334	0.0083333333333333	10.0	287.0	11	-5.25	0.004820469908670964	64.0	76.0	0.08	0.28	4.6	6.300000190734863
2016-11-14	-0.25	-0.006533146	1.8143625	1034.4191666666668	84.62253472222223	-0.2898263888888888	65.36284722222223	0.3	0.0	10.0	294.0	11	-5.25	0.007486218752337772	60.0	80.0	0.08	0.3	4.8	9.899999618530272
2016-11-21	-0.25	0.0029177666	2.2798125	1008.7408333333332	85.4354513888889	8.852118055555556	56.279513888888886	0.7833333333333333	0.0	10.0	301.0	11	-5.25	0.000126155253372848	53.0	74.0	0.04	0.31	4.8	13.899999618530272
2017-03-06	-1.5568	1.6156425	1.6661416666666666	1001.09171875	87.48036458333333	5.790555555555556	86.2476099537037	0.86875	0.0833333333333333	43.0	13.0	3	-1.135624632971188	2.7106343400361097	21.0	37.0	0.06	0.74	5.0	3.900000095367432
2017-03-13	-0.25	0.0006608963	2.155083333333333	1026.429513888889	78.79378472222221	3.8864236111111112	150.2044097222222	0.7604166666666666	0.0	43.0	20.0	3	-5.25	0.0017790993944726049	19.0	52.0		0.82	4.9	7.800000190734863
2017-03-20	-0.25	0.00080013275	6.134241666666667	1005.2773611111112	87.17576388888888	10.232708333333331	181.39056712962963	0.9583333333333334	0.0458333333333333	43.0	27.0	3	-5.25	0.00018574355088424733	13.0	42.0		0.81	4.7	9.699999809265137
2017-03-27	-0.5	0.09970188	0.934275	1025.6324652777778	60.77715277777778	8.995	206.80409722222225	0.0729166666666666	0.0	43.0	34.0	3	-2.8759463014903153	0.47323476776793877	60.0	87.0		0.62	4.6	11.600000381469728
2017-04-03	-3.0999	0.43311405	1.5181125000000002	1025.5475	81.13336805555555	8.544583333333334	227.07791666666665	0.8312499999999999	0.0	43.0	41.0	4	-3.264476156095548	0.8362915865596617	5.0	40.0		0.66	4.3	19.5
2017-04-10	-0.5	0.1429472	4.694287500000001	1015.7368402777778	62.87114583333334	11.8265625	246.9011111111112	0.3895833333333333	0.0	43.0	48.0	4	-5.224548083518449	0.20419553415968966	10.0	35.0	0.04	0.59	4.3	10.399999618530272
2017-04-18	-0.25	-0.0023536682	3.4579125000000004	1022.6202430555556	73.24972222222222	4.268680555555556	268.5833680555556	0.7937500000000001	0.0041666666666666	43.0	56.0	4	-5.25	0.0030207998675898895	22.0	40.0	0.06	0.53	4.3	4.099999904632568
2017-04-24	-0.25	-0.0023069382	5.116162500000001	1013.8440277777776	59.72833333333333	8.388090277777778	283.9274652777778	0.625	0.0	43.0	62.0	4	-5.25	0.00043152748718704235	22.0	46.0	0.04	0.62	4.2	3.200000047683716
2017-05-02	-0.25	-0.00035095215	6.4502250000000005	1017.7705208333332	72.02427083333333	9.771909722222222	302.82677083333334	0.8895833333333334	0.1083333333333333	43.0	70.0	5	-5.25	4.381872671671727e-05	22.0	46.0	0.04	0.6	3.8	7.699999809265137
2017-05-08	-3.2562	0.62698174	2.3495625	1015.0838541666668	79.86145833333333	7.575937499999999	315.61305555555555	0.8083333333333332	0.0958333333333333	43.0	76.0	5	-3.2135271781173027	0.7389853168321613	27.0	49.0		0.5	3.6	5.199999809265137
2017-05-15	-2.4156	0.43160248	2.440425	1027.0952083333334	68.17625	15.154652777777777	328.87107638888887	0.6749999999999999	0.0	43.0	83.0	5	-2.711406567317576	0.6021116428250313	6.0	42.0		0.29		27.4
2017-05-22	-0.25	0.030477524	1.4086875	1021.15875	53.22979166666667	16.694583333333334	340.1115625	0.4416666666666666	0.0	43.0	90.0	5	-5.25	0.14662322553607737	12.0	46.0	0.05	0.25		6.3
2017-05-29	-3.1715	0.4158039	1.8808125	1013.0642013888888	53.89559027777778	23.96013888888889	349.13475694444446	0.5104166666666666	0.0	43.0	97.0	5	-2.681826566495828	0.6374600401292303	5.0	61.0		0.12		37.5
2017-06-06	-1.2828	0.17072678	3.6340778571428576	1004.954933531746	77.47530753968253	17.738590277777778	356.82409027777777	0.8375	0.0249999999999999	43.0	105.0	6	-4.021511065110997	0.3223456438945561	14.0	55.0	0.05	0.13		4.8
2017-06-12	-2.3179	0.27749062	6.415162500000001	1010.766423611111	58.180590277777775	19.871875	360.12427083333336	0.78125	0.0041666666666666	43.0	111.0	6	-4.883838885797761	0.19186065900946866	18.0	55.0	0.04	0.17		13.6
2017-06-19	-0.25	0.08488655	1.7166666666666668	1020.6958333333332	56.875	23.90833333333333	299.0740740740741	0.2333333333333333	0.0	43.0	118.0	6	-2.058371835005097	0.2700353821115047	9.0	55.0	0.03	0.09		30.3
2017-06-26	-0.25	-0.00030517578	3.623280681818182	1011.2544286616162	70.7355303030303	16.65527777777778	344.4977398989899	0.74375	0.0999999999999999	43.0	125.0	6	-5.25	0.00015062182579634857	25.0	59.0	0.25	0.08	1.5	11.699999809265137
2017-07-03	-0.25	-0.0030651093	4.346775	1019.0492361111112	56.60697916666667	17.281145833333333	357.76361111111106	0.5416666666666666	0.0	43.0	132.0	7	-5.25	0.001901427066229643	29.0	81.0		0.08	1.3	33.900001525878906
2017-07-10	-4.2717	0.3801117	2.0848125000000004	1008.0038888888888	85.94555555555554	19.049618055555555	352.0200347222222	0.80625	0.4208333333333333	43.0	139.0	7	-3.010273097046489	1.2616349832034917	19.0	54.0		0.02	0.96	5.599999904632568
2017-07-17	-0.25	0.005285263	2.7505125	1020.5695486111111	67.69402777777778	18.53607638888889	343.9610069444445	0.5916666666666667	0.15	43.0	146.0	7	-5.25	0.029050917495421817	35.0	75.0		0.02	1.5	10.399999618530272
2017-07-24	-0.25	0.024036407	1.5863250000000002	1008.6870138888888	65.9745138888889	20.19274305555556	333.7390972222222	0.8916666666666666	0.5958333333333333	43.0	153.0	7	-5.25	0.17610585367120427	32.0	68.0		0.01		14.9
2017-07-31	-0.25	0.0073394775	2.4247125	1013.8836458333334	62.41256944444444	23.63388888888889	321.5447222222222	0.6687500000000001	0.0	43.0	160.0	7	-5.25	0.013089139072695181	60.0	98.0	0.03	0.06	2.5	21.0
2017-08-07	-0.25	0.012105942	1.7233670454545456	1021.3721212121212	56.776259469696974	19.45130366161616	307.5757291666667	0.1520833333333333	0.0	43.0	167.0	8	-5.25	0.059996540105352325	67.0	124.0	0.05	0.03	3.0	26.89999961853028
2017-08-14	-0.25	0.018657684	1.6530908333333334	1023.080340277778	63.87736574074074	19.273060185185184	292.12909722222224	0.44375	0.0	43.0	174.0	8	-5.25	0.18960309143422863	66.0	111.0	0.03	0.02	2.6	35.400001525878906
2017-08-21	-0.25	-0.0033607483	4.8414	1020.3909027777778	81.51993055555555	15.819895833333334	275.1280555555556	0.7666666666666666	0.0041666666666666	43.0	181.0	8	-5.25	0.0017417290520353556	79.0	123.0	0.09	0.06	2.7	10.899999618530272
2017-08-28	-0.25	0.018474579	0.7474875000000001	1019.9901041666668	70.86020833333333	18.67388888888889	257.1013541666667	0.4125	0.0	43.0	188.0	8	-5.25	0.12427062173211927	90.0	141.0	0.09	0.11	3.2	12.100000381469728
2017-09-04	-0.25	-0.002811432	2.5888875	1015.133611111111	67.83538194444445	14.744756944444443	238.2404861111111	0.3395833333333333	0.0	43.0	195.0	9	-5.25	0.011503189826128404	102.0	145.0	0.06	0.08	3.6	9.399999618530272
2017-09-11	-0.25	-0.001739502	5.5589625	1001.0560069444444	71.71930555555555	16.0809375	218.81354166666665	0.5375	0.0	43.0	202.0	9	-5.25	0.0008121346240592582	93.0	141.0	0.15	0.15		7.099999904632568
2017-09-18	-0.25	0.064216614	1.8862125	1014.1235763888888	77.79302083333333	12.524756944444444	199.0656944444445	0.3979166666666667	0.0	43.0	209.0	9	-5.25	0.2741883468792706	108.0	143.0	0.13	0.21	4.4	11.899999618530272
2017-09-25	-0.25	0.0265522	2.4946125	1023.0413541666668	97.8098263888889	13.721805555555555	179.32784722222223	0.8895833333333334	0.0208333333333333	43.0	216.0	9	-5.25	0.43055533348141173	98.0	131.0	0.05	0.19	4.7	11.0
2017-10-04	-0.25	-0.0012254715	7.2236391666666675	1016.5140972222222	73.67718055555555	11.946104166666666	155.16913194444444	0.9020833333333332	0.0	43.0	225.0	10	-5.25	0.00028436056723800927	108.0	124.0	0.08	0.24	5.1	4.199999809265137
2017-10-09	-0.25	-0.004306793	3.7251	1015.996423611111	83.46993055555555	8.614201388888889	141.17937500000002	0.5499999999999999	0.0416666666666666	43.0	230.0	10	-5.25	0.002931888447194358	102.0	124.0	0.1	0.28	5.3	2.400000095367432
2017-10-16	-0.25	0.073319435	1.465575	1022.530451388889	83.69291666666666	15.41423611111111	123.38625	0.0208333333333333	0.0	43.0	237.0	10	-2.2147635713614564	0.11248312292964353	96.0	120.0	0.08	0.33	5.4	4.199999809265137
2017-10-23	-0.25	-0.0013656616	2.4955875	1016.0443402777778	96.89659722222224	10.298819444444446	106.851875	0.8250000000000001	0.0041666666666666	43.0	244.0	10	-5.25	0.0006217759818049268	94.0	117.0	0.07	0.3	6.5	4.900000095367432
2017-11-01	-0.25	-0.00087451935	5.231625	1017.5210416666667	98.58666666666667	9.405520833333332	87.86763888888889	0.96875	0.0999999999999999	43.0	253.0	11	-5.25	0.00030912794395906496	86.0	104.0	0.08	0.42	5.7	2.299999952316284
2017-11-06	-0.25	0.0030508041	1.8228	1020.3894097222222	92.015625	6.709201388888889	78.58583333333333	0.5041666666666667	0.0124999999999999	43.0	258.0	11	-5.25	0.0030776954879643196	83.0	100.0	0.08	0.46	6.8	3.0
2017-11-13	-0.25	-0.002562046	2.5996125	1011.285277777778	88.24114583333333	4.6736458333333335	67.17583333333333	0.7875	0.0083333333333333	43.0	265.0	11	-5.25	0.002704577515803346	77.0	96.0	0.06	0.51	6.0	3.799999952316284
2017-11-20	-0.25	-0.0017647743	4.948650000000001	1013.3026388888889	84.6451388888889	4.439652777777778	57.75895833333333	0.775	0.0208333333333333	43.0	272.0	11	-5.25	0.00018717109242727918	72.0	110.0	0.06	0.57	6.1	2.200000047683716
2017-11-27	-0.25	-0.0010213852	7.061700000000001	1014.8926041666668	85.79309027777778	4.122013888888889	50.292569444444446	0.8541666666666666	0.1458333333333333	43.0	279.0	11	-5.25	9.88323007098245e-05	72.0	84.0	0.04	0.48	6.2	1.399999976158142
