Date,thermD,MLD,SW,AirT,Prec(mm),relhum,Wdir,Wspeed(m/s),CC,Inflow,W,delT,Ice_d,day_from_iceoff,YY,month,NH4-N,NOX,O2,Tot-P,PO4-P,Si,Water temp,Chl
1985-06-11,-6.2047,-36.8,228.9739685,11.8,1.0,85.15934738664899,0.0,0.625,50.333333333333336,12.7366,0.0113282059483857,-0.1003621816635131,52,11.0,1985,6,15.0,1320.0,8.81,54.0,16.0,4.2,12.8,13.2
1985-07-16,-5.9919,-36.8,276.2952881,16.8125,0.0,62.04398273350886,230.0,2.875,46.0,4.64773,0.0625995434576969,-0.0736821144819259,52,46.0,1985,7,30.0,880.0,9.4,30.0,6.0,3.5,19.9,14.5
1985-08-15,-10.0195,-36.8,149.4029694,17.0,0.1,80.45915514744188,0.0,1.875,67.0,4.42098,0.0041323866371822,-0.007062405347824,52,76.0,1985,8,26.0,880.0,8.11,40.0,17.0,2.5,18.7,8.7
1985-09-17,-17.5308,-36.8,149.7674866,9.2625,0.0,77.26832821802175,240.0,2.125,46.333333333333336,3.53009,0.0009050368279911,-0.0018460750579833,52,109.0,1985,9,8.0,1020.0,8.87,42.0,23.0,2.8,14.4,3.7
1985-10-08,-36.8,-36.8,17.83236885,10.875,21.2,95.20456479120288,150.0,1.375,100.0,3.37948,0.2464561346226218,0.3201289176940918,52,130.0,1985,10,6.0,1080.0,8.91,44.0,34.0,3.25,11.5,3.7
1986-05-12,-14.429,-36.8,181.7216949,10.0,13.6,84.38564340081335,240.0,2.0,83.66666666666667,27.2797,0.0012871389709483,0.0056718289852142,80,-19.0,1986,5,28.0,1260.0,9.22,67.0,25.0,3.85,10.8,10.1
1986-06-16,-1.4012,-36.8,298.9153137,19.5875,0.0,58.6284779018485,0.0,1.625,0.0,6.77726,0.0054117683137222,-0.0120624229311943,80,16.0,1986,6,25.0,1050.0,11.45,68.0,12.0,3.25,18.7,45.2
1986-07-15,-11.6225,-36.8,249.1732025,17.65,0.0,64.82676134424608,340.0,1.25,29.33333333333333,3.71887,0.0019621742807157,-6.805872544646263e-05,80,45.0,1986,7,25.0,970.0,7.72,37.0,11.0,2.4,17.7,7.4
1986-08-20,-11.3222,-36.8,127.8409042,13.0875,2.1,81.81409783889296,130.0,1.25,92.0,7.10778,0.0,0.0032248497009277,80,81.0,1986,8,22.0,990.0,7.65,48.0,31.0,1.9,16.5,2.5
1986-09-15,-23.5459,-36.8,92.19419098,7.995833333333334,0.3,79.41380935606851,70.0,4.2125,71.0,20.5058,0.0,0.0096449851989746,80,107.0,1986,9,8.0,1020.0,7.89,78.0,52.0,2.85,12.1,3.2
1986-10-14,-36.8,-6.519291415511108,76.99996185,7.2722222222222195,0.0,84.38072032652279,210.0,2.4388888888888887,100.0,7.38125,0.0697569342810824,2.0909457206726074,80,136.0,1986,10,5.0,1190.0,8.79,132.0,107.0,3.45,9.0,0.8
1987-05-12,-36.8,-36.8,55.88553619,4.095833333333334,7.4,85.37955962011104,0.0,1.8166666666666664,79.33333333333333,13.8445,0.0057570527323067,-0.014724463224411,74,0.0,1987,5,13.0,1400.0,9.63,87.0,35.0,4.7,5.6,2.9
1987-06-10,-10.3788,-36.8,247.5685577,12.574999999999998,0.0,62.43963368880312,210.0,3.079166666666667,75.0,5.57446,0.0004639294360289,0.0159339904785156,74,29.0,1987,6,9.0,1380.0,9.66,50.0,23.0,4.15,10.8,5.3
1987-07-13,-6.3469,-36.8,87.39405823,14.5375,0.0,65.68204185247976,20.0,2.0291666666666663,79.33333333333333,4.75622,0.0026323514410874,-0.0060114562511444,74,62.0,1987,7,27.0,940.0,9.98,41.0,7.0,3.5,17.5,19.5
1987-08-10,-8.7387,-36.8,136.1128845,10.545833333333333,0.1,82.55378721768923,330.0,2.279166666666667,67.0,9.36084,0.0,0.0008143754675984,74,90.0,1987,8,46.0,900.0,8.0,31.0,4.0,1.9,16.4,8.7
1987-09-14,-16.7465,-1.7380754871518294,136.0103149,10.470833333333337,0.3,85.83667356477744,250.0,2.4874999999999994,41.66666666666666,6.39751,0.0007803985890612,1.4126486778259275,74,125.0,1987,9,7.0,990.0,7.76,56.0,28.0,2.9,13.6,1.3
1987-10-14,-36.8,-6.223962583578162,32.37713623,8.8875,0.6,91.48017771373736,140.0,1.3625,92.0,3.0155,0.1348809298265393,3.305051326751709,74,155.0,1987,10,8.0,1100.0,9.04,74.0,39.0,3.5,10.6,1.5
1988-05-09,-1.2432,-36.8,283.0345764,9.366666666666664,0.0,47.3350565326578,0.0,1.5208333333333337,13.0,14.6662,0.0011833647520212,-3.995141014456749e-05,71,-22.0,1988,5,10.0,1500.0,10.83,69.0,43.0,4.8,6.3,1.2
1988-06-15,-5.6237,-36.8,262.1404114,13.983333333333334,0.0,51.93887722638775,0.0,0.6583333333333333,42.0,4.55246,0.0040902094616006,-0.0089398622512817,71,15.0,1988,6,12.0,1220.0,10.88,43.0,6.0,3.5,14.6,26.2
1988-07-19,-6.8251,-36.8,64.0617218,20.270833333333336,1.9,85.38176936988961,130.0,2.1333333333333333,96.0,6.56978,0.0004942164216341,-0.0001416206359863,71,49.0,1988,7,8.0,575.0,8.56,33.0,4.0,0.5,21.2,38.9
1988-08-15,-8.7307,-36.8,152.8602905,15.383333333333333,4.7,91.3174306068274,159.0,1.7625,88.0,6.48842,0.0020753558686865,-0.0013669729232788,71,76.0,1988,8,4.0,740.0,8.21,33.0,8.0,1.6,17.8,9.9
1988-09-19,-15.5322,-36.8,139.9747467,13.683333333333335,0.4,63.85471491899823,0.0,2.3375,54.333333333333336,1.91677,0.0188952114274246,0.0724053382873535,71,111.0,1988,9,7.0,840.0,8.43,36.0,15.0,2.6,14.5,6.2
1988-10-19,-36.8,-9.064067600903527,27.49393082,7.5125,0.0,79.25002802583657,42.0,1.3083333333333331,96.0,1.69418,0.9067981848358572,4.1579270362854,71,141.0,1988,10,5.0,960.0,8.82,49.0,32.0,3.0,10.2,1.2
1989-05-08,-4.2008,-36.8,207.1647186,11.091666666666669,0.0,53.887900127610834,0.0,2.1333333333333333,58.66666666666666,9.67847,0.0,0.0015065744519233,98,-23.0,1989,5,5.0,1560.0,11.23,53.0,35.0,3.7,7.4,3.0
1989-06-13,-1.8469,-36.8,311.1487122,14.4,0.0,49.547577674729,0.0,1.8083333333333336,17.0,3.85354,0.0,-0.0001252936199307,98,13.0,1989,6,15.0,940.0,13.17,52.0,12.0,2.8,15.4,29.2
1989-07-17,-8.0336,-36.8,261.1599731,12.116666666666667,0.0,50.046605238607846,320.0,2.0000000000000004,50.333333333333336,1.84729,0.0021026482803867,1.7293263226747513e-05,98,47.0,1989,7,27.0,800.0,8.41,41.0,7.0,2.3,18.2,11.7
1989-08-15,-10.1731,-36.8,158.8674011,16.7625,10.4,73.68160526219594,0.0,1.7166666666666666,87.66666666666667,1.17109,0.0010115237671945,0.0060455799102783,98,76.0,1989,8,8.0,731.0,8.32,47.0,12.0,1.8,18.3,15.7
1989-09-11,-14.986,-36.8,176.0253906,8.683333333333332,0.0,55.239489223645535,0.0,0.6124999999999999,25.33333333333333,1.32707,0.0,0.0078368186950683,98,103.0,1989,9,8.0,733.0,8.88,40.0,12.0,2.1,15.1,8.8
1989-10-17,-36.8,-6.25306857140587,41.28026199,6.387499999999999,0.4,95.44677825595817,0.0,0.2208333333333333,96.0,2.02314,0.1074754022864234,3.1772379875183105,98,139.0,1989,10,6.0,880.0,7.7,56.0,38.0,2.75,10.7,0.5
1990-05-08,-1.7958,-36.8,260.3415222,13.1625,0.0,57.13322935678781,0.0,1.7708333333333333,12.666666666666666,6.75819,0.0008342071363891,-0.076045274734497,87,-23.0,1990,5,10.0,1519.0,13.74,64.0,7.0,2.65,13.4,38.3
1990-06-11,-7.0949,-36.8,278.5622864,16.429166666666667,0.0,46.652589064560864,0.0,1.2333333333333332,33.666666666666664,1.97612,0.0011411295289159,1.1171214282512665e-05,87,11.0,1990,6,21.0,1293.0,10.76,24.0,3.0,2.2,13.7,13.7
1990-07-17,-11.7591,-36.8,131.6577301,15.04347826086957,0.0,84.21774469052976,341.0,3.1478260869565218,87.66666666666667,6.95533,0.0056166376266527,-0.0517635643482208,87,47.0,1990,7,44.0,1020.0,8.58,31.0,8.0,2.25,16.6,4.8
1990-08-15,-9.9945,-1.1478940141614642,218.3649292,19.2,0.0,74.76375298904422,0.0,0.5708333333333333,92.0,3.27299,0.0001527655968903,-0.1539823822677135,87,76.0,1990,8,12.0,897.0,9.33,20.0,2.0,0.75,19.0,10.6
1990-09-17,-16.225,-36.8,171.4123993,10.725,0.0,74.69022870583242,0.0,0.852,67.0,3.64928,0.009541237209026,0.2801260948181152,87,109.0,1990,9,9.0,991.0,9.3,25.0,2.0,0.45,14.4,18.3
1990-10-15,-36.8,-1.1242280545082872,59.71540451,10.641666666666667,0.0,87.64034332055607,246.0,1.9916666666666665,96.0,21.3739,0.0251091085406423,8.541868686676025,87,137.0,1990,10,5.0,957.0,8.54,72.0,18.0,1.85,10.0,1.3
1991-05-06,-36.8,-36.8,297.3138123,4.770833333333333,0.0,44.98713981618563,2.0,3.2833333333333328,4.333333333333333,5.8981,0.0001412562795681,0.0012274887412786,95,-25.0,1991,5,10.0,1565.0,10.88,59.0,23.0,4.35,4.9,1.1
1991-06-11,-8.3749,-36.8,212.9655914,12.55,0.0,83.8262850810175,210.0,1.0,62.66666666666666,5.1884,0.0030914504518828,-0.0572504997253418,95,11.0,1991,6,8.0,1469.0,10.8,55.0,15.0,4.1,11.0,11.0
1991-07-16,-6.565,-36.8,223.001236,17.129166666666666,8.6,69.02306352472677,0.0,0.8833333333333334,88.0,2.74647,0.0008309521066601,0.0039082318544387,95,46.0,1991,7,10.0,1331.0,9.44,14.0,8.0,3.15,19.0,42.8
1991-08-19,-9.5224,-36.8,114.9882507,15.966666666666669,3.7,88.25685996885642,341.0,2.829166666666667,79.33333333333333,7.41113,0.0009923913520142,-0.0022369027137756,95,80.0,1991,8,29.0,999.0,8.04,28.0,3.0,1.25,19.1,13.3
1991-09-16,-19.567,-36.8,157.9679718,11.875,0.4,63.31413391766675,0.0,1.3708333333333331,42.0,3.36779,0.0848914298570767,0.4234414100646972,95,108.0,1991,9,11.0,903.0,8.68,49.0,6.0,1.8,14.1,13.5
1991-10-14,-36.8,-11.081350215897515,58.77331543,9.966666666666663,2.8,84.14212944227403,0.0,1.125,92.0,2.52885,0.6208630346933872,2.1812992095947266,95,136.0,1991,10,5.0,1065.0,7.88,44.0,23.0,2.6,11.5,1.7
1992-05-11,-32.5105,-36.8,256.2515259,6.875,0.2,62.308277859851344,0.0,2.45,42.0,17.9289,0.0305918496892243,-0.0740282237529754,87,-20.0,1992,5,16.0,1748.0,12.5,60.0,27.0,4.3,6.1,2.5
1992-06-09,-3.7147,-36.8,306.5146484,15.595833333333331,0.0,50.54499564004745,49.0,1.4041666666666666,13.0,4.62699,0.0032022696514299,4.462897777557373e-06,87,9.0,1992,6,8.0,1017.0,11.3,50.0,9.0,2.1,19.2,36.6
1992-07-15,-7.2839,-36.8,189.5378723,13.929166666666667,0.3,69.84119371377602,292.0,2.5458333333333334,62.66666666666666,7.35014,0.001068064577203,-0.004684567451477,87,45.0,1992,7,18.0,657.0,8.68,26.0,3.0,0.5,18.0,15.2
1992-08-10,-11.4116,-36.8,255.8299255,22.250000000000004,0.0,66.07655354867987,133.0,1.4416666666666669,92.0,5.13068,0.002450113599266,-0.0032542943954467,87,71.0,1992,8,13.0,525.0,10.9,94.0,11.0,1.1,18.6,72.2
1992-09-14,-16.4294,-36.8,55.22124863,9.895833333333334,4.0,92.7391037996292,0.0,0.7416666666666668,100.0,3.22816,0.0172085976405878,0.0685882568359375,87,106.0,1992,9,48.0,437.0,8.8,24.0,4.0,1.85,14.7,6.0
1992-10-12,-36.8,-4.5291699368196765,71.85351563,-0.2434782608695652,0.6,84.2769827373546,337.0,3.0565217391304342,83.66666666666667,2.9802,0.0932855164797545,3.698478221893311,87,134.0,1992,10,10.0,718.0,7.98,39.0,20.0,3.3,9.5,2.8
1993-05-06,-5.8584,-36.8,144.9136047,11.358333333333334,0.0,72.17303598949827,5.0,2.2416666666666663,37.66666666666666,6.21301,0.0413527497170613,-0.069101870059967,101,-25.0,1993,5,12.0,1178.0,12.35,60.0,20.0,4.15,8.0,17.2
1993-06-14,-5.2757,-36.8,285.0200806,10.854166666666666,3.4,61.258649209865645,135.0,1.4208333333333336,37.66666666666666,2.99363,0.0010856414807955,0.0007591835455968,101,14.0,1993,6,31.0,911.0,10.2,29.0,6.0,2.65,14.4,5.4
1993-07-19,-8.3098,-36.8,262.0688782,17.633333333333336,0.0,67.91768429995952,212.0,1.6083333333333336,67.0,1.75275,0.0067847299162724,0.0181273818016052,101,49.0,1993,7,16.0,826.0,10.08,36.0,10.0,2.4,18.6,
1993-08-16,-11.5267,-36.8,153.7275543,16.5375,2.3,81.05462076522979,0.0,2.0499999999999994,87.66666666666667,5.63876,0.0012371587848182,0.0001140832901,101,77.0,1993,8,9.0,844.0,8.27,31.0,18.0,2.25,17.1,2.2
1993-09-20,-28.8104,-36.8,131.507431,7.183333333333333,0.0,69.12485372554917,0.0,1.2916666666666667,54.333333333333336,1.9259,0.0,0.0065658092498779,101,112.0,1993,9,17.0,973.0,9.07,37.0,22.0,2.8,11.4,3.9
1993-10-20,-36.8,-3.249047209045752,26.86724663,6.483333333333333,4.1,87.37820515467212,243.0,2.041666666666667,100.0,2.82657,0.0191579371628893,3.890867233276367,101,142.0,1993,10,13.0,948.0,8.91,52.0,39.0,3.15,8.5,2.2
1994-05-17,-5.7009,-36.8,155.6013336,7.270833333333332,1.3,78.6134320206773,0.0,0.8666666666666667,92.0,3.8951,0.0,5.087326280772686e-05,85,-14.0,1994,5,17.0,1366.0,11.51,59.0,20.0,3.9,9.0,3.2
1994-06-13,-4.0853,-36.8,287.7493896,15.770833333333336,0.0,52.78155892329834,0.0,1.7583333333333335,42.0,2.76483,0.0007528582249275,-9.074341505765917e-06,85,13.0,1994,6,9.0,1363.0,9.65,48.0,7.0,3.1,13.3,23.1
1994-07-19,-5.6828,-36.8,290.8036804,18.541666666666675,0.0,48.80015732181876,331.0,1.6583333333333332,25.33333333333333,1.32387,0.0015690616675133,-2.5195535272359848e-05,85,49.0,1994,7,18.0,774.0,9.32,41.0,8.0,2.1,20.8,23.1
1994-08-16,-8.1372,-1.1094784004908886,235.4723969,14.645833333333334,0.0,56.73662499516844,0.0,1.1,54.333333333333336,4.0051,0.0003466038647082,-0.249695386737585,85,77.0,1994,8,8.0,622.0,8.16,38.0,6.0,1.4,19.9,18.0
1994-09-19,-17.1517,-36.8,104.8835068,10.195652173913045,2.3,76.70947715858306,342.0,1.1956521739130437,96.0,6.25796,0.0002871262180787,0.0110101699829101,85,111.0,1994,9,23.0,731.0,8.33,36.0,11.0,2.4,13.9,7.0
1994-10-17,-36.8,-9.7565873955409,75.13671875,1.2083333333333333,0.0,59.50929297900384,298.0,2.7374999999999994,25.33333333333333,2.9915,0.3484843527537973,5.4998064041137695,85,139.0,1994,10,7.0,816.0,9.7,47.0,38.0,2.8,9.8,1.8
1995-05-16,-36.8,-36.8,254.219162,5.199999999999999,1.5,72.58699151087579,195.0,2.0454545454545454,83.66666666666667,28.1975,0.0010571524462867,-4.450068809092045e-05,73,-14.0,1995,5,10.0,1696.0,11.35,57.0,34.0,3.68,5.6,1.6
1995-06-13,-6.1372,-36.8,152.5723419,11.670833333333334,4.2,92.2198852276421,359.0,2.0291666666666663,100.0,9.65245,0.0020617616036281,-0.0167415142059326,73,14.0,1995,6,68.0,1124.0,9.2,44.0,13.0,2.64,15.2,11.7
1995-07-10,-9.9436,-36.8,302.6635742,15.504166666666668,0.0,51.019425174437714,0.0,0.6833333333333332,50.333333333333336,3.13492,0.0002773019094573,0.0074882507324218,73,41.0,1995,7,11.0,1138.0,11.24,36.0,7.0,1.46,17.8,15.9
1995-08-14,-9.7006,-36.8,154.2202759,18.841666666666665,0.0,89.27322365544784,101.0,1.2125,96.0,1.884,0.0005437539575479,-0.0078130662441253,73,76.0,1995,8,8.0,722.0,9.14,35.0,7.0,1.13,20.7,19.7
1995-09-18,-17.2964,-2.0282567030906504,173.8760986,7.808333333333334,0.0,72.5812095358614,0.0,0.6750000000000002,13.0,1.31528,0.007971307732595,3.286233901977539,73,111.0,1995,9,17.0,935.0,8.76,32.0,9.0,1.95,14.4,5.1
1995-10-23,-36.8,-1.6157809662762326,39.63308716,9.025,0.0,85.51388361987341,221.0,2.9875000000000003,92.0,2.95716,0.0113123062723003,4.946871757507324,73,146.0,1995,10,15.0,1188.0,9.52,42.0,31.0,2.57,10.3,1.3
1996-05-21,-36.8,-36.8,224.7248383,9.116666666666664,0.0,42.42197689086338,339.0,3.420833333333334,50.333333333333336,6.05369,0.0012127676838432,1.1220574378967283e-05,95,-10.0,1996,5,53.0,1240.0,11.7,48.0,28.0,3.2,5.8,9.5
1996-05-23,-1.48,-36.8,289.5406494,12.79166666666667,0.0,42.18334803685919,0.0,1.325,8.666666666666666,5.45497,0.0003353268291479,-3.247428685426712e-05,95,-8.0,1996,5,26.0,1742.0,12.48,46.0,27.0,2.53,7.5,16.1
1996-06-18,-7.206,-36.8,217.7072449,13.94166666666667,8.0,78.62800640735462,0.0,1.0083333333333335,87.66666666666667,3.53948,0.0002297257224105,4.087109118700028e-05,95,18.0,1996,6,12.0,799.0,11.72,17.0,7.0,0.11,14.7,19.3
1996-07-15,-7.9914,-36.8,235.5060577,15.704166666666666,0.0,56.38978915952861,278.0,2.1833333333333336,50.333333333333336,5.67107,0.0,-7.203081622719765e-05,95,45.0,1996,7,15.0,700.0,10.53,25.0,6.0,0.43,16.8,30.8
1996-07-18,-9.2176,-36.8,205.9600067,12.9375,0.4,71.52802425101494,9.0,2.4625000000000004,54.66666666666666,4.73596,0.0005076699560794,0.0002243285998702,95,48.0,1996,7,53.0,750.0,10.2,24.0,5.0,0.69,16.1,7.8
1996-08-19,-5.2294,-36.8,213.1143646,21.254166666666663,0.0,57.15897269646588,217.0,2.3041666666666667,38.0,1.39839,0.000304374169155,0.000514268875122,95,80.0,1996,8,8.0,597.0,10.55,46.0,8.0,0.37,20.4,17.9
1996-09-18,-18.1151,-36.8,151.2271881,9.533333333333331,0.1,79.63778721299646,0.0,0.9958333333333336,50.333333333333336,1.9725,0.0189422361527863,0.2107014656066894,95,110.0,1996,9,7.0,694.0,9.33,27.0,9.0,1.07,14.0,9.4
1996-09-24,-18.6495,-36.8,139.4455414,8.741666666666665,0.0,75.30204766312745,0.0,0.9541666666666668,37.66666666666666,1.3951,0.0095286646264018,0.057173728942871,95,116.0,1996,9,18.0,780.0,11.8,22.0,10.0,1.4,12.6,1.7
1996-10-21,-36.8,-4.60784690641389,36.11783218,4.620833333333334,0.1,99.1592655134205,339.0,1.3500000000000003,100.0,1.12503,0.0156210412372825,3.0465292930603027,95,143.0,1996,10,6.0,855.0,8.44,33.0,24.0,1.41,10.2,4.4
1997-05-12,-36.8,-36.8,146.8805695,12.166666666666664,1.5,88.04784608488596,198.0,1.6666666666666667,83.66666666666667,6.35762,0.0030198625648091,-0.0044813938438892,84,-19.0,1997,5,24.0,1471.0,11.58,44.0,26.0,4.13,5.8,5.5
1997-07-14,-6.9292,-36.8,286.4264526,17.612499999999997,0.0,57.2146245049029,0.0,0.6208333333333332,29.33333333333333,2.8902,0.0076296499683114,0.0022058002650737,84,44.0,1997,7,34.0,657.0,8.85,18.0,2.0,0.46,19.2,8.1
1997-07-29,-5.6391,-36.8,149.6446381,15.320833333333333,1.1,93.2819055455576,272.0,3.5416666666666674,88.0,6.23446,0.0002700273977241,0.0011514574289321,84,59.0,1997,7,,,,,,,20.9,
1997-08-14,-7.0892,-36.8,226.0537415,16.1125,0.0,61.351744806940914,0.0,1.7458333333333336,17.0,3.18406,0.0024370707710996,-0.0020185708999633,84,75.0,1997,8,,,,,,,21.5,
1997-09-19,-20.1069,-36.8,124.9115295,8.258333333333333,0.0,61.98613340027631,284.0,2.579166666666666,67.0,5.69504,0.0107085946228901,0.0837161540985107,84,111.0,1997,9,14.0,544.0,9.21,37.0,8.0,1.43,14.6,18.8
1997-10-03,-26.87,-10.17962267859417,115.4460907,6.845833333333334,0.4,88.53553373335889,297.0,1.2,58.66666666666666,5.89784,0.0439892984768327,3.2658162117004395,84,125.0,1997,10,,,,,,,12.2,
1998-04-15,-36.8,-36.8,161.1178436,3.070833333333333,0.0,72.51198825231343,126.0,1.7541666666666669,83.33333333333333,8.87529,0.0008766744950369,0.0005402038805186,69,-46.0,1998,4,,,,,,,2.5,
1998-04-16,-36.8,-36.8,103.8571548,4.45,9.4,73.76057916681198,84.0,3.273333333333333,87.66666666666667,8.44911,0.0,0.0002044940483756,69,-45.0,1998,4,5.0,2000.0,12.0,36.0,29.0,4.6,5.4,4.5
1998-05-18,-3.0522,-1.873842539691025,315.136261,17.729166666666664,0.0,45.85422351039328,218.0,2.391666666666667,13.0,4.95967,0.0024668161535158,-1.6078799664974213,69,-13.0,1998,5,11.0,1636.0,12.36,47.0,13.0,4.06,12.3,17.1
1998-05-18,-3.0522,-1.873842539691025,315.136261,17.729166666666664,0.0,45.85422351039328,218.0,2.391666666666667,13.0,4.95967,0.0024668161535158,-1.6078799664974213,69,-13.0,1998,5,21.0,910.0,14.9,43.0,12.0,3.6,12.5,13.0
1998-07-15,-6.4171,-36.8,134.2590179,13.349999999999996,7.7,87.7437112342782,211.0,2.774999999999999,88.0,5.75675,0.0003756104071689,-0.0001399163156747,69,45.0,1998,7,16.0,1300.0,10.2,25.0,4.0,2.4,18.6,15.0
1998-07-21,-8.6445,-36.8,225.2825165,18.8625,0.0,64.34486690150398,230.0,1.691666666666667,38.0,4.34251,0.0003561727247526,0.0015310253947973,69,51.0,1998,7,8.0,1123.0,10.09,33.0,6.0,2.07,18.0,21.0
1998-07-30,-9.0531,-36.8,115.8875809,15.629166666666668,5.2,79.54961325577123,230.0,1.9208333333333327,71.0,4.5957,0.0,-0.0008150478824973,69,60.0,1998,7,,,,,,,17.8,
1998-08-11,-9.5555,-36.8,227.0394592,14.637500000000005,0.0,60.32084841784175,335.0,0.8541666666666665,17.0,2.90142,0.0009595256981655,0.0028335452079772,69,72.0,1998,8,,,,,,,19.8,
1998-09-14,-14.1449,-1.2269375203448578,104.4972458,15.425000000000002,7.1,77.68345481122145,82.0,2.2291666666666665,58.66666666666666,3.68988,0.0002365961316282,1.3356900215148926,69,106.0,1998,9,14.0,1176.0,9.1,35.0,16.0,3.0,15.7,9.8
1998-09-14,-14.1449,-1.2269375203448578,104.4972458,15.425000000000002,7.1,77.68345481122145,82.0,2.2291666666666665,58.66666666666666,3.68988,0.0002365961316282,1.3356900215148926,69,106.0,1998,9,22.0,1300.0,9.3,23.0,15.0,2.4,15.1,4.5
1998-09-30,-16.7599,-7.671323033128549,75.3072052,7.012499999999998,0.0,65.87048106552591,48.0,2.2583333333333337,29.33333333333333,2.516,0.0419879064276371,2.9711804389953613,69,122.0,1998,9,,,,,,,13.5,
1999-04-13,-36.8,-36.8,60.68550491,4.216666666666666,9.5,91.46553132492652,73.0,1.8,100.0,21.7614,0.052483494925132,-0.3154611587524414,37,-48.0,1999,4,,,,,,,3.3,
1999-05-18,-1.2987,-36.8,319.2565613,14.117391304347828,0.0,39.16836291232621,0.0,1.7173913043478262,25.33333333333333,14.1319,0.005066863663093,-0.0002204980701208,37,-13.0,1999,5,12.0,1557.0,10.25,68.0,35.0,5.73,8.9,5.3
1999-07-14,-4.6087,-36.8,142.4193878,23.60416666666667,0.3,61.1672808261034,103.0,1.9166666666666667,58.66666666666666,1.85582,0.0007752636337477,1.3270415365695952e-05,37,44.0,1999,7,15.0,936.0,9.63,37.0,2.0,2.46,23.0,19.0
1999-07-29,-9.0075,-36.8,258.492218,20.93913043478261,0.0,41.07655514389382,0.0,1.686956521739131,25.0,1.12743,0.0084134291993759,-0.0298813730478286,37,59.0,1999,7,,,,,,,19.7,
1999-08-16,-8.5733,-36.8,206.6094055,13.312500000000002,0.0,58.97030193286626,49.0,2.0291666666666672,58.66666666666666,1.63825,0.0016402175968352,0.0069073438644409,37,77.0,1999,8,,,,,,,18.1,
1999-09-21,-13.1687,-2.062939285429592,136.1950378,15.108695652173916,0.9,73.22544365910034,52.0,2.195652173913044,92.0,0.857029,0.0006456173913915,1.7354211807250977,37,113.0,1999,9,32.0,1107.0,8.65,27.0,7.0,1.87,16.4,8.8
2000-04-26,-36.8,-36.8,199.7070007,9.075,0.0,70.88370971985508,0.0,2.125,62.66666666666666,3.51912,0.0019923121165302,0.0022349655628204,82,-35.0,2000,4,,,,,,,5.3,
2000-05-15,-1.5023,-36.8,300.93927,13.82272727272727,0.0,50.70964853541686,0.0,1.7727272727272727,21.33333333333333,1.48535,0.0,3.1414441764354706e-05,82,-16.0,2000,5,11.0,1169.0,14.22,37.0,3.0,2.37,11.8,38.8
2000-07-10,-9.4136,-36.8,235.543045,14.358333333333333,7.5,72.11755159623267,0.0,1.2,71.0,2.47136,0.0019256224390385,0.1249952912330627,82,40.0,2000,7,21.0,779.0,11.09,31.0,4.0,1.63,19.2,11.3
2000-07-27,-9.6398,-36.8,154.8892517,15.233333333333334,0.0,74.93254852,,2.946629047,83.33333333333333,9.72706,0.0004136372183647,0.0025526396930217,82,57.0,2000,7,,,,,,,16.4,
2000-08-15,-10.6789,-36.8,128.8059235,17.859090909090913,1.3,84.49504452249555,231.0,2.3454545454545457,96.0,2.88082,0.0006422000515104,0.0062216520309448,82,76.0,2000,8,,,,,,,18.1,
2000-09-18,-16.662,-36.8,157.6506348,9.640909090909092,0.0,70.43489755880444,0.0,1.2863636363636364,46.0,1.22288,0.1438484678316474,0.7784595489501953,82,110.0,2000,9,7.0,761.0,8.38,32.0,22.0,2.26,14.2,5.2
2000-09-29,-18.1651,-4.979068083981088,80.13085938,16.2,0.0,79.68044029666132,170.0,1.6999999999999995,58.66666666666666,0.763566,0.183198315460835,3.6342949867248535,82,121.0,2000,9,,,,,,,13.2,
2001-04-23,-36.8,-36.8,20.31677437,4.621739130434783,10.2,91.4735631227597,358.0,2.382608695652174,104.33333333333331,4.85287,0.0004315442726948,7.00121745467186e-07,101,-38.0,2001,4,15.0,1400.0,10.8,63.0,45.0,4.74,3.6,1.0
2001-05-18,-3.6015,-36.8,163.774353,10.77727272727273,10.6,88.7258025544235,0.0,1.5727272727272732,79.33333333333333,4.14174,0.0,5.746306851506233e-05,101,-13.0,2001,5,20.0,1218.0,10.49,51.0,20.0,4.87,10.7,8.4
2001-07-11,-4.4633,-36.8,212.2444458,18.08695652173913,5.4,75.64104758547947,198.0,2.5260869565217394,54.333333333333336,4.86166,0.0001426281153608,3.704288974404335e-05,101,41.0,2001,7,33.0,899.0,8.73,31.0,3.0,2.61,21.3,17.1
2001-08-01,-8.0374,-36.8,230.8631897,15.418181818181818,0.2,53.58215054810925,0.0,1.2545454545454549,42.0,2.1897,0.0004762021036901,-0.0110220909118652,101,62.0,2001,8,,,,,,,19.9,
2001-08-13,-10.1375,-36.8,182.9823151,15.857142857142858,0.0,74.65027567162956,234.0,2.0190476190476194,58.66666666666666,3.319,0.0194838328975192,-0.009966641664505,101,74.0,2001,8,53.0,803.0,8.45,32.0,7.0,2.28,18.4,4.3
2001-09-24,-15.6997,-3.2668855830610903,96.01990509,7.225,0.0,70.71170983420204,0.0,1.7916666666666663,67.0,4.26208,0.0098573090613923,3.01585054397583,101,116.0,2001,9,10.0,775.0,8.47,29.0,17.0,2.51,14.8,3.6
2001-10-15,-36.8,-8.229658877330735,42.34870148,8.566666666666666,2.4,90.05869293,,2.640351295,96.33333333333331,10.9161,0.1654633597108514,5.328567981719971,101,137.0,2001,10,,,,,,,11.9,
2002-04-22,-36.8,-36.8,227.1213226,12.0625,0.5,53.41668358182633,233.0,2.7166666666666663,8.666666666666666,11.2487,0.0010233750709257,5.7300087064504623e-05,102,-39.0,2002,4,10.0,1318.0,11.43,48.0,44.0,4.59,4.6,0.8
2002-05-22,-5.6727,-36.8,321.9055481,14.721739130434784,0.0,39.13466637276663,0.0,1.1565217391304348,4.333333333333333,4.04151,0.0,-0.0001792684197425,102,-9.0,2002,5,10.0,1474.0,11.07,50.0,13.0,4.26,13.1,23.0
2002-07-15,-8.2627,-36.8,271.2805786,19.59,0.0,56.894885948386566,0.0,0.6625,21.33333333333333,3.81912,0.0009906020877258,-8.341530337929726e-05,102,45.0,2002,7,9.0,723.0,12.93,33.0,2.0,0.72,23.2,19.2
2002-07-31,-8.0888,-36.8,204.3589783,21.43913043478261,1.0,72.34540370389111,63.0,1.0782608695652174,71.33333333333333,4.7444,0.0023883212733502,-0.0037146508693695,102,61.0,2002,7,,,,,,,21.5,
2002-08-12,-7.7893,-36.8,159.3472748,23.666666666666668,0.0,79.01177216,,2.273425102,71.0,2.6807,0.0014811114523464,-0.0005737543106079,102,73.0,2002,8,3.0,294.0,11.61,43.0,7.0,1.61,23.1,32.5
2002-09-16,-13.1903,-1.547005484898194,64.76189423,10.440909090909091,0.5,80.54327482581235,256.0,1.2863636363636364,100.0,1.1719,0.001577276609397,1.2220559120178225,102,108.0,2002,9,7.0,562.0,7.53,30.0,5.0,1.11,17.0,15.2
2002-10-02,-19.2825,-36.8,121.8163528,6.217391304347826,0.0,71.6267761543396,254.0,1.4217391304347828,17.0,1.87623,0.1457791570901787,0.2986469268798828,102,124.0,2002,10,,,,,,,13.4,
2003-05-05,-36.8,-36.8,209.5691681,11.388235294117647,0.0,59.989050332061375,190.0,5.46875,54.66666666666666,25.2205,0.0002945594023932,-0.0061341822147369,69,-26.0,2003,5,11.0,1090.0,12.11,48.0,40.0,4.06,4.8,6.6
2003-06-02,-2.0464,-36.8,318.3991394,17.2625,0.0,49.78643556381578,217.0,2.0250000000000004,21.33333333333333,8.24994,0.0017929990219851,0.0005996155668981,69,2.0,2003,6,20.0,1124.0,12.3,38.0,6.0,1.68,15.1,16.6
2003-07-14,-3.6842,-36.8,301.5413513,20.5875,0.0,63.90197093457396,43.0,1.9875,21.0,3.60957,0.0009706951971041,-3.320490941405296e-05,69,44.0,2003,7,19.0,594.0,10.55,22.0,5.0,0.64,20.2,15.4
2003-07-29,-5.1885,-36.8,72.89148712,20.116666666666664,0.8,74.21935402747775,0.0,0.6916666666666668,96.0,2.0888,0.0015293267538672,0.0001835692673921,69,59.0,2003,7,,,,,,,22.9,
2003-08-11,-7.4917,-36.8,228.1054535,18.53333333333333,0.2,62.975591499177,173.0,1.4833333333333332,75.0,1.10573,0.0043503802957318,-0.0025039911270141,69,72.0,2003,8,6.0,114.0,11.22,27.0,4.0,1.39,21.8,43.5
2003-09-15,-12.0933,-36.8,113.0043106,16.87916666666667,0.0,76.24449922775601,247.0,3.5,100.0,1.39008,0.0064170770207327,0.0777835845947265,69,107.0,2003,9,5.0,294.0,8.67,25.0,3.0,1.53,15.7,23.8
2003-10-02,-19.4657,-10.7102110585535,35.30734634,9.4375,0.7,95.90403841866603,0.0,1.0875,100.0,4.88152,0.0308700485913923,2.2835912704467773,69,124.0,2003,10,,,,,,,12.4,
2004-04-27,-36.8,-36.8,190.6290588,7.220833333333334,0.0,43.97261775526935,127.0,1.95,50.333333333333336,9.51446,0.0002110150906419,1.0702642612159252e-06,71,-34.0,2004,4,10.0,1700.0,10.9,46.0,25.0,2.4,5.6,2.1
2004-05-24,-9.6288,-36.8,119.9801483,7.739130434782607,0.1,78.83541903565704,0.0,1.0347826086956522,96.0,6.18026,0.0,0.00041687162593,71,-7.0,2004,5,15.0,1500.0,10.5,36.0,4.0,4.1,10.5,13.0
2004-07-12,-7.6394,-36.8,148.2526703,15.008333333333333,0.0,87.55264994925342,66.0,1.5083333333333335,96.0,3.99432,0.0,-1.8799910321831703e-05,71,42.0,2004,7,64.0,1400.0,9.8,26.0,7.0,3.0,18.2,11.0
2004-07-26,-6.2424,-36.8,76.21168518,14.81666666666667,1.0,92.35156152025247,0.0,0.725,100.0,4.64117,0.0,-1.0076677426695824e-05,71,56.0,2004,7,,,,,,,19.2,
2004-08-18,-7.4266,-36.8,172.2369385,15.945833333333333,0.0,86.31908632596745,132.0,1.1875,92.0,3.02972,0.0002991365393128,0.004892885684967,71,79.0,2004,8,71.0,920.0,8.5,14.0,2.0,2.7,20.4,8.6
2004-09-13,-13.5221,-36.8,125.4531555,15.849999999999996,1.4,72.77317463334708,245.0,3.616666666666666,50.333333333333336,1.80095,0.0490515540861587,0.5074772834777832,71,105.0,2004,9,22.0,960.0,9.4,15.0,4.0,2.7,16.5,4.7
2004-09-27,-19.4055,-14.630766277707554,62.3588829,12.233333333333334,0.4,78.83787414316356,240.0,3.154166666666667,67.0,4.14317,0.093462618291406,1.9453449249267576,71,119.0,2004,9,,,,,,,12.7,
2005-04-26,-36.8,-36.8,261.3995972,6.541666666666668,0.0,49.50905850593842,0.0,1.15,33.666666666666664,9.83316,0.0171838160661258,-0.0556575208902359,87,-35.0,2005,4,5.0,1600.0,12.6,46.0,32.0,4.8,3.7,2.0
2005-05-17,-5.7171,-36.8,265.7113342,8.447826086956523,0.1,56.42788348593542,267.0,3.0565217391304342,54.333333333333336,5.18951,0.0011824115209104,0.0138406157493591,87,-14.0,2005,5,19.0,1300.0,12.5,43.0,5.0,4.0,8.7,21.0
2005-07-20,-5.4021,-36.8,167.6732635,15.895833333333334,3.5,91.93880471515534,247.0,1.5375000000000003,79.33333333333333,8.26909,0.0054651805325848,0.0126037746667861,87,50.0,2005,7,26.0,530.0,9.2,14.0,2.0,0.16,21.3,9.3
2005-08-16,-10.0725,-36.8,180.3162079,16.020833333333336,0.1,76.86242536312562,0.0,1.8791666666666664,75.0,5.45549,0.0,0.0054880380630493,87,77.0,2005,8,5.0,780.0,8.7,17.0,2.0,1.4,18.4,9.1
2005-09-20,-17.5577,-1.6433000900018522,127.626358,15.154166666666663,0.0,76.38685251107404,242.0,3.5083333333333333,71.0,1.992,0.0011667959572711,3.295525550842285,87,112.0,2005,9,5.0,830.0,8.7,28.0,11.0,1.2,14.0,3.5
2006-05-03,-36.8,-36.8,198.7546387,10.195833333333336,0.0,74.08417173677296,204.0,1.804166666666667,62.66666666666666,24.8235,0.0,1.9943341612815857e-05,74,-28.0,2006,5,5.0,1500.0,10.7,44.0,30.0,4.5,5.3,4.3
2006-05-23,-4.8234,-36.8,154.6261749,11.820833333333333,11.0,99.69814113621273,0.0,1.6708333333333332,92.0,11.5022,0.0002610739426934,0.0016086101531982,74,-8.0,2006,5,32.0,1200.0,11.4,30.0,5.0,3.7,11.1,13.0
2006-07-12,-5.8933,-36.8,324.3497925,18.933333333333334,0.0,57.42360228457414,247.0,3.204166666666667,25.0,2.79699,0.0021089135167065,-0.0039796382188797,74,42.0,2006,7,13.0,650.0,9.8,20.0,2.0,0.25,22.0,30.0
2006-08-15,-7.7123,-36.8,145.5282593,16.575,6.0,86.30597850943133,301.0,1.6416666666666666,62.66666666666666,18.0167,0.001894545336425,-0.0003418922424316,74,76.0,2006,8,5.0,640.0,9.0,19.0,2.0,0.82,20.2,17.0
2006-09-13,-13.9391,-36.8,186.0612335,17.095833333333335,0.0,75.22560797137204,237.0,2.208333333333333,17.0,3.48211,0.0487762286908156,0.4820842742919922,74,105.0,2006,9,5.0,420.0,8.7,16.0,3.0,1.6,16.8,7.6
2007-04-23,-36.8,-36.8,71.31758881,8.233333333333336,0.1,94.70069160242532,237.0,2.2291666666666665,96.0,16.3241,0.0026001107360073,0.0058632791042327,83,-38.0,2007,4,8.0,1614.0,12.44,47.0,46.0,6.28,5.4,0.7
2007-05-22,-12.8167,-36.8,168.0188599,10.866666666666667,0.1,97.5084449346498,0.0,1.1833333333333331,100.0,4.5623,0.001639588384697,0.0051368027925491,83,-9.0,2007,5,6.0,1613.0,11.27,42.0,35.0,,10.5,10.7
2007-07-09,-8.5608,-36.8,104.8562546,13.654166666666669,0.8,97.93333219714116,0.0,1.6333333333333335,96.0,4.14404,0.0014130342476981,3.937771543860436e-05,83,39.0,2007,7,22.0,960.0,9.53,20.0,6.0,4.64,17.2,1.2
2007-08-01,-10.0966,-36.8,265.0639343,18.3375,0.0,55.61765959121643,244.0,2.5416666666666665,50.333333333333336,2.45228,0.003306375230582,0.0300050750374794,83,62.0,2007,8,,,,,,,18.2,
2007-08-13,-10.5205,-36.8,152.2374725,20.075,1.1,83.84776795958383,136.0,1.875,91.66666666666669,5.73451,0.0014404788194249,0.0051472187042236,83,74.0,2007,8,72.0,740.0,9.0,23.0,3.0,4.08,20.6,7.4
2007-09-17,-18.7278,-36.8,137.0019684,13.58333333333333,0.0,77.52907189223684,241.0,2.9166666666666674,58.66666666666666,6.50798,0.0943276961881928,0.1419129371643066,83,109.0,2007,9,11.0,1081.0,9.37,18.0,17.0,2.94,14.3,3.7
2007-10-04,-26.251,-13.408248608944335,81.12082672,7.9875,0.0,88.37611389,,1.681371331,17.0,2.5989,0.4879348631236827,3.2589006423950195,83,126.0,2007,10,,,,,,,12.6,
2008-04-23,-36.8,-36.8,249.9968262,9.258333333333336,0.0,47.652136124478005,0.0,2.1499999999999995,4.333333333333333,17.753,0.2988223986049548,-0.1439435184001922,70,-38.0,2008,4,12.0,1355.0,11.86,70.0,45.0,6.86,4.4,1.3
2008-05-21,-8.4069,-36.8,257.9381409,8.142857142857144,0.0,85.72455106029454,0.0,0.7750000000000001,33.666666666666664,6.10203,0.0272791757858422,-0.0774934142827987,70,-10.0,2008,5,12.0,1416.0,11.55,52.0,20.0,6.3,9.9,14.7
2008-07-08,-7.6313,-36.8,127.0524902,13.283333333333331,0.0,75.40302958671091,0.0,1.0333333333333334,91.66666666666669,7.22709,0.0124045849480287,-0.0040720971301198,70,38.0,2008,7,20.0,988.0,8.78,16.0,4.0,2.46,16.4,10.3
2008-07-29,-2.6379,-36.8,256.2194214,19.85833333333333,0.0,56.00207906208755,0.0,0.9708333333333335,50.0,2.5515,0.0011911797479377,0.0002020057290792,70,59.0,2008,7,,,,,,,21.2,
2008-08-12,-9.1296,-36.8,213.0719604,18.05,8.6,80.88265901437919,0.0,1.741666666666667,58.333333333333336,8.7083,0.0005612839602907,0.0001338869333267,70,73.0,2008,8,16.0,911.0,8.05,17.0,6.0,2.09,18.5,5.3
2008-09-15,-15.9626,-1.5598344223616112,79.20500183,8.487499999999999,0.0,82.0317212036675,0.0,0.6041666666666667,100.0,2.83653,0.0004343589544354,1.9353318214416504,70,107.0,2008,9,6.0,923.0,9.04,21.0,13.0,2.59,14.7,2.7
2008-10-06,-27.3963,-8.692317980070715,116.8627472,7.462499999999999,0.0,87.95079281708706,253.0,2.278260869565217,0.0,12.2709,0.3365378818604299,4.787412166595459,70,128.0,2008,10,,,,,,,12.6,
2009-04-22,-36.8,-36.8,178.5347595,6.156521739130435,0.0,72.46763455683184,0.0,0.7391304347826086,91.66666666666669,7.23942,0.0004462322568346,-2.4106120690703392e-05,96,-39.0,2009,4,20.0,1342.0,10.25,68.0,41.0,,4.1,2.4
2009-05-26,-3.5725,-36.8,309.2140198,16.366666666666664,0.0,58.5134349408969,190.0,2.9166666666666665,79.33333333333333,2.39726,0.0108247855344349,-1.676660031080246e-05,96,-5.0,2009,5,14.0,899.0,11.98,70.0,15.0,4.3,13.1,22.4
2009-07-14,-8.5753,-36.8,243.2102661,17.491666666666667,0.0,81.22377595286439,0.0,0.9583333333333334,63.0,5.58089,0.1863663286130402,-0.0704978704452514,96,44.0,2009,7,8.0,772.0,9.3,49.0,6.0,2.96,17.5,22.4
2009-07-24,-8.7683,-36.8,254.3112335,18.15833333333333,0.3,92.22178375885154,240.0,2.083333333333333,75.33333333333333,9.43725,0.0049660347777906,0.0727795362472534,96,54.0,2009,7,,,,,,,19.2,
2009-08-19,-9.7805,-36.8,263.8244934,13.070833333333333,0.0,71.93903006966893,320.0,1.5,29.33333333333333,8.93633,0.0,0.0060421228408813,96,80.0,2009,8,14.0,710.0,7.79,31.0,12.0,3.34,18.4,9.2
2009-08-25,-11.1895,-36.8,218.534256,17.125000000000004,2.0,73.46294590004568,0.0,1.75,50.333333333333336,5.29785,0.0006158346604826,0.0077826976776123,96,86.0,2009,8,10.0,801.0,,33.0,12.0,2.89,19.1,11.3
2009-09-07,-14.5815,-36.8,165.0360718,14.804166666666667,0.0,85.97064944157322,230.0,2.5416666666666665,92.0,4.70872,0.0072753218546664,0.0147759914398193,96,99.0,2009,9,12.0,638.0,8.36,35.0,19.0,3.41,17.1,3.5
2009-09-29,-20.5931,-8.692442319362302,117.1442719,6.141666666666666,0.0,67.96374617569417,310.0,2.5416666666666665,33.666666666666664,3.12876,0.0202472498917966,4.559824466705322,96,121.0,2009,9,,,,,,,13.0,
2010-04-27,-36.8,-36.8,166.1371765,9.729166666666668,0.0,55.69850727057592,210.0,2.458333333333333,71.0,44.4353,0.0032527190503917,0.0407302379608154,67,-34.0,2010,4,15.0,1461.0,10.57,67.0,44.0,7.18,4.8,1.3
2010-05-25,-3.1227,-36.8,120.4189835,9.4125,0.0,70.62347629854888,0.0,1.5833333333333333,100.0,13.4717,0.0007239421763756,-0.0001970306038856,67,-6.0,2010,5,12.0,1356.0,10.12,52.0,28.0,5.88,12.3,21.2
2010-07-13,-4.2751,-36.8,295.3490295,26.22083333333333,0.0,57.64174482385365,190.0,3.25,21.33333333333333,1.95051,0.0024719504475094,0.0119460821151733,67,43.0,2010,7,24.0,732.0,9.45,26.0,4.0,2.12,23.9,12.8
2010-07-31,-8.6697,-36.8,195.4409485,17.09166666666667,0.0,81.61163621972455,220.0,3.25,66.66666666666667,5.67776,0.0011847586681353,0.0103200674057006,67,61.0,2010,7,,,,,,,19.5,
2010-08-17,-7.5177,-36.8,110.2949677,17.783333333333335,0.8,96.1116261010649,60.0,1.8,100.0,5.15062,0.0085530305784685,-0.0144643783569335,67,78.0,2010,8,14.0,638.0,8.37,19.0,5.0,3.32,19.5,11.7
2010-09-13,-13.4844,-36.8,43.47729492,13.804166666666667,2.3,100.0,200.0,1.5833333333333333,100.0,2.57414,0.0143697554503904,0.3621835708618164,67,105.0,2010,9,8.0,844.0,8.56,26.0,12.0,3.1,15.5,4.2
2010-09-30,-20.5149,-13.713161698525536,121.6385803,5.691666666666667,0.0,86.0317923585067,0.0,0.3333333333333333,46.333333333333336,3.17752,0.3061422714610682,3.701807022094727,67,122.0,2010,9,,,,,,,12.4,
2011-04-27,-36.8,-36.8,205.0644684,10.045833333333333,0.0,46.96940427862982,60.0,2.083333333333333,33.666666666666664,29.0157,0.0011347686033427,-5.190656520426273e-05,91,-34.0,2011,4,12.0,1681.0,10.2,56.0,41.0,5.69,6.9,2.8
2011-05-30,-10.5205,-36.8,326.6083679,14.641666666666667,0.7,54.79400513918263,240.0,3.5416666666666665,54.333333333333336,7.05319,0.0007078342284558,-5.499320104718208e-05,91,-1.0,2011,5,31.0,1310.0,10.16,36.0,10.0,4.26,12.1,12.6
2011-07-12,-6.3276,-36.8,271.7315369,16.983333333333334,3.8,69.35668852434694,260.0,2.0416666666666665,54.333333333333336,2.14319,0.0025142508970735,-1.5903031453490257e-05,91,42.0,2011,7,18.0,853.0,10.0,27.0,2.0,1.7,21.8,12.6
2011-07-31,-8.1322,-36.8,253.2207794,17.3875,0.0,75.19202052453369,0.0,0.0,75.0,1.44142,0.0,-1.7480459064245224e-05,91,61.0,2011,7,,,,,,,20.2,
2011-08-16,-9.6345,-36.8,213.0653381,17.27916666666667,0.0,83.10141038256677,250.0,1.75,75.33333333333333,4.74888,0.0091898359389129,-0.0332904607057571,91,77.0,2011,8,19.0,811.0,8.25,22.0,7.0,1.92,19.2,5.1
2011-09-12,-12.7922,-1.182142565441178,75.18101501,15.754166666666668,17.3,97.57452170036665,240.0,1.6666666666666667,79.33333333333333,6.66334,0.0004235072055345,2.3859786987304688,91,104.0,2011,9,12.0,770.0,8.82,25.0,4.0,2.05,17.6,10.3
2011-10-05,-21.4473,-4.043325251263134,91.42307281,11.377272727272729,0.3,75.74471751216566,260.0,3.142857142857143,21.33333333333333,12.737,0.0907171953700171,7.089334487915039,91,127.0,2011,10,,,,,,,14.0,
2012-04-19,-36.8,-36.8,181.6114197,5.140909090909091,0.5,65.1024010626939,120.0,2.761904761904762,83.66666666666667,16.9226,0.0002573763450264,0.0002294429577887,100,-42.0,2012,4,5.0,1400.0,11.9,45.0,34.0,5.0,3.6,1.2
2012-04-25,-36.8,-36.8,199.5495453,8.558333333333334,3.5,73.27620909886761,0.0,2.7916666666666665,71.0,19.9023,0.0073535930190809,0.0864033102989196,100,-36.0,2012,4,11.0,1427.0,12.0,55.0,36.0,5.68,4.6,3.6
2012-05-15,-15.9743,-36.8,207.0712585,12.133333333333333,0.0,59.85249969896904,190.0,3.2916666666666665,37.66666666666666,11.1256,0.0006331952034159,0.0064831376075744,100,-16.0,2012,5,10.0,1200.0,11.2,45.0,20.0,4.8,9.4,6.2
2012-05-22,-6.681,-36.8,289.8970032,14.258333333333333,0.0,58.15824804616908,360.0,2.2916666666666665,46.0,7.71527,0.0004391248493139,0.0003511379472911,100,-9.0,2012,5,14.0,1337.0,10.98,48.0,29.0,5.07,10.5,4.3
2012-07-05,-8.1783,-36.8,299.2297363,18.304166666666667,0.0,70.53337414002637,360.0,1.4583333333333333,63.0,4.71761,0.0027219492899038,-0.0042606256902217,100,35.0,2012,7,5.0,1000.0,9.8,18.0,2.0,3.2,17.6,20.0
2012-07-11,-7.5694,-36.8,206.1458893,15.2125,0.9,89.9248010395906,0.0,1.5217391304347827,75.33333333333333,5.22928,0.0009127001146953,-0.001982569694519,100,41.0,2012,7,27.0,926.0,9.27,23.0,5.0,3.07,18.1,14.2
2012-08-09,-9.2569,-36.8,62.19771957,14.070833333333333,0.4,95.41045449211816,350.0,1.3478260869565215,92.0,5.40762,0.002200623302996,-0.0095411539077758,100,70.0,2012,8,20.0,1100.0,8.5,20.0,4.0,2.3,19.5,8.5
2012-08-22,-8.2454,-36.8,62.96775818,15.3625,5.6,98.80348340609652,0.0,0.75,91.66666666666669,3.99967,0.0,0.0102245807647705,100,83.0,2012,8,20.0,802.0,8.45,23.0,7.0,2.51,19.4,11.0
2012-09-13,-14.4546,-36.8,172.6135559,11.304166666666667,0.7,75.08976550864239,240.0,2.583333333333333,21.33333333333333,3.5075,0.0,0.0266380310058593,100,105.0,2012,9,5.0,860.0,8.4,32.0,7.0,3.2,15.6,1.0
2012-09-20,-19.1678,-1.084493217925233,135.5172577,8.754166666666666,1.7,82.58792899939141,220.0,2.4166666666666665,33.666666666666664,4.87858,0.0015322364343195,4.373436450958252,100,112.0,2012,9,11.0,919.0,8.59,35.0,24.0,3.51,14.2,2.3
2013-04-10,-36.8,-12.195598833134634,205.8509064,-0.0250000000000002,0.0,66.97168799142797,130.0,1.5416666666666667,62.66666666666666,6.07695,0.040664544034406,-1.287755399942398,67,-51.0,2013,4,5.0,1200.0,12.6,51.0,35.0,5.7,1.4,1.3
2013-05-15,-4.8741,-36.8,312.6430054,10.312500000000002,0.0,59.87972860249471,190.0,2.25,12.666666666666666,28.3998,0.0007732288554624,0.0005386326229199,67,-16.0,2013,5,5.0,1100.0,12.0,59.0,25.0,4.5,11.8,26.0
2013-07-11,-7.0153,-36.8,336.1430359,15.212500000000004,0.0,64.85324779329741,360.0,2.083333333333333,46.333333333333336,3.40095,0.0005174115311847,0.1327981948852539,67,41.0,2013,7,26.0,780.0,8.7,18.0,2.0,2.5,18.9,7.0
2013-08-28,-10.3685,-36.8,211.8537292,17.679166666666664,0.0,68.98053818666202,220.0,1.875,21.0,1.63964,0.0041525981870869,0.0659427642822265,67,89.0,2013,8,5.0,570.0,9.6,17.0,2.0,2.1,19.1,16.0
2013-09-25,-16.513,-3.5121325718898064,96.86260223,4.416666666666667,0.0,90.54018822909036,360.0,1.875,42.0,3.80433,0.0087795779793538,3.469827651977539,67,117.0,2013,9,5.0,660.0,8.7,20.0,5.0,2.5,14.9,12.0
2014-04-11,-36.8,-36.8,102.7140808,6.858333333333333,0.0,87.51526680519312,230.0,2.583333333333333,75.0,22.7862,0.0094371583529039,-0.0980274677276611,92,-50.0,2014,4,9.2,1500.0,12.2,61.0,28.0,4.9,3.7,0.6
2014-05-15,-4.1087,-36.8,249.7584534,8.966666666666665,0.0,67.75681101742477,200.0,2.458333333333333,62.66666666666666,6.33828,0.0046346492615279,-0.0293858535587787,92,-16.0,2014,5,8.9,1400.0,11.7,55.0,22.0,4.9,8.4,2.6
2014-07-07,-4.1167,-36.8,286.0548401,22.1625,0.0,68.6046032935203,120.0,1.9583333333333333,4.333333333333333,3.67645,0.001046649965731,0.0012465994805097,92,37.0,2014,7,21.0,850.0,13.2,24.0,1.0,2.2,20.6,12.0
2014-07-29,-3.6141,-36.8,261.4389343,24.50833333333333,0.0,61.04934294464953,240.0,1.2083333333333333,50.333333333333336,2.15646,0.0025295893649482,0.0886507034301757,92,59.0,2014,7,,,,,,,26.5,
2014-08-20,-10.9349,-36.8,129.6243134,13.85416666666667,3.8,96.17160989476469,210.0,1.7916666666666667,87.66666666666667,11.993,0.0002054538734043,0.0049495697021484,92,81.0,2014,8,6.6,440.0,9.1,20.0,6.0,2.1,19.5,49.0
2014-09-23,-17.3043,-1.2445216836003627,127.1105728,3.8375,0.0,83.41112749336845,360.0,2.208333333333333,37.66666666666666,10.9262,0.0021963861108028,3.7920150756835938,92,115.0,2014,9,15.0,550.0,8.4,39.0,1.0,2.7,14.0,13.0
2014-10-01,-23.1165,-7.557086682496774,123.9110947,6.104166666666667,0.9,78.50441348046753,0.0,1.1666666666666667,54.66666666666666,3.34185,0.0305287694092759,1.1150436401367188,92,123.0,2014,10,,,,,,,13.0,
2015-04-08,-36.8,-36.8,193.4246521,7.662499999999999,0.0,39.479010430685626,270.0,3.25,87.66666666666667,12.8429,0.0018474829380903,-0.0092429351061582,82,-53.0,2015,4,5.4,1200.0,12.6,49.0,29.0,4.9,4.1,0.6
2015-05-19,-12.6578,-36.8,95.57939148,7.220833333333334,1.7,81.79442818442998,160.0,1.7916666666666667,75.0,7.58113,0.0026298570109875,0.0071958303451538,82,-12.0,2015,5,8.6,1200.0,11.2,41.0,25.0,4.6,8.9,2.4
2015-07-08,-7.0868,-36.8,75.25190735,14.858333333333333,8.3,91.63083802320082,210.0,1.875,96.0,3.12884,0.0002491329815243,0.0019175931811332,82,38.0,2015,7,35.0,760.0,10.1,23.0,1.0,3.0,17.5,22.0
2015-08-04,-10.8047,-36.8,267.0759277,17.500000000000004,0.3,62.9509396441867,0.0,1.9166666666666667,63.0,4.61274,0.0111187661304575,-0.0352393388748168,82,65.0,2015,8,,,10.2,,,,20.2,
2015-08-12,-10.1856,-36.8,151.5702057,18.3625,0.1,71.00707555009258,220.0,1.9166666666666667,87.66666666666667,3.17962,0.0002444487219856,-0.0004416704177856,82,73.0,2015,8,4.1,620.0,10.5,31.0,1.0,2.6,21.1,14.0
2015-09-09,-15.6927,-36.8,190.3304901,10.017391304347829,0.0,79.93502553777351,0.0,0.6956521739130435,87.66666666666667,3.35781,0.0005287127998698,-0.0201723575592041,82,101.0,2015,9,3.5,570.0,9.2,15.0,2.0,3.0,16.3,18.0
2016-07-27,-4.1806,-36.8,254.5824432,19.366666666666664,0.0,60.04849048232595,240.0,2.333333333333333,41.66666666666666,2.66488,0.0008497028907115,8.308002725243568e-05,71,60.0,2016,7,6.6,430.0,9.3,22.0,1.0,2.3,19.7,
2016-08-23,-15.31,-36.8,215.0088348,17.508333333333336,0.0,75.31446621556168,0.0,1.375,29.33333333333333,2.80411,0.0005039256865003,0.0043646097183227,71,87.0,2016,8,3.9,490.0,9.5,19.0,2.0,2.7,18.7,24.0
2016-09-22,-15.021,-2.210932003397944,100.7194672,11.354166666666664,0.0,83.00520489226908,0.0,0.9166666666666666,92.0,1.63151,0.0227653361887714,7.302145957946777,71,117.0,2016,9,,,9.7,,,,15.9,
