Date	thermD	MLD	swr	U	AirP	AirT	CC	Prec	RelHum	Inflow	W	delT	Ice_d	day_from_iceoff	NH4-N	NOX	O2	Tot-P	PO4-P	Si	Water temp	Chl	MM
1987-05-12	-36.8	-36.8	240.42	2.81982093056043	997.4145833333332	4.072916666666667	0.01	4.5	88.64583333333333	13.8445	0.0288417509388304	0.0101823806762695	118	20.0	13.0	1400.0	9.63	87.0	35.0	4.7	5.6	2.9	5
1987-06-10	-3.4728	-3.634547372008591	482.35	3.645179192225138	1005.7166666666668	12.575	0.01	0.0	63.208333333333336	5.57446	0.3869774829492759	7.624251842498779	118	49.0	9.0	1380.0	9.66	50.0	23.0	4.15	10.8	5.3	6
1987-07-13	-4.1251	-3.6648494212801856	553.5	2.797207365433375	1011.1916666666666	14.5375	0.01	0.0	67.70833333333333	4.75622	4.276480758990865	12.760946273803713	118	82.0	27.0	940.0	9.98	41.0	7.0	3.5	17.5	19.5	7
1987-08-10	-5.8627	-5.709580963396261	386.92	3.105218857526779	1013.9208333333332	10.510416666666666	0.01	0.0	85.22916666666667	9.36084	4.311350952025739	8.383972644805908	118	110.0	46.0	900.0	8.0	31.0	4.0	1.9	16.4	8.7	8
1987-09-14	-9.7375	-9.328530506921336	297.87	3.340564022461573	1001.2083333333334	10.470833333333331	0.0095833333333333	0.3	88.125	6.39751	2.419569928702776	5.606373310089111	118	145.0	7.0	990.0	7.76	56.0	28.0	2.9	13.6	1.3	9
1987-10-14	-15.1261	-15.144665086367729	281.15	2.379119247198105	1012.6333333333332	8.887500000000001	0.01	0.4	92.1875	3.0155	1.2559437744334898	1.6911115646362305	118	175.0	8.0	1100.0	9.04	74.0	39.0	3.5	10.6	1.5	10
1988-05-09	-0.55	-1.1859210240728804	712.99	1.9942894478638968	1034.4958333333334	9.366666666666667	0.01	0.0	50.75	14.6662	0.0503645189509507	3.478030204772949	99	33.0	10.0	1500.0	10.83	69.0	43.0	4.8	6.3	1.2	5
1988-06-15	-3.5451	-3.1839465190908105	721.54	1.9224261840184529	1014.8666666666668	13.983333333333334	0.01	0.0	55.875	4.55246	0.8432599875340996	11.580334186553957	99	70.0	12.0	1220.0	10.88	43.0	6.0	3.5	14.6	26.2	6
1988-07-19	-3.3505	-3.198577429415034	523.59	2.961132933696111	1005.6333333333332	20.27083333333333	0.01	2.4	86.45833333333333	6.56978	3.4442315472265266	15.938491344451904	99	104.0	8.0	575.0	8.56	33.0	4.0	0.5	21.2	38.9	7
1988-08-15	-5.1628	-4.697378669829048	212.2	2.765581637620926	1005.8333333333334	15.383333333333333	0.01	5.1	92.41666666666669	6.48842	3.801857151528352	10.718114376068115	99	131.0	4.0	740.0	8.21	33.0	8.0	1.6	17.8	9.9	8
1988-09-19	-8.6911	-8.446138848446553	501.05	3.110794017712275	1007.5833333333334	13.683333333333332	0.01	0.2	68.58333333333333	1.91677	3.347346813099349	6.631523609161377	99	166.0	7.0	840.0	8.43	36.0	15.0	2.6	14.5	6.2	9
1988-10-19	-18.2227	-16.627347595817543	96.4	1.9194493691126504	1034.4833333333331	7.5125	0.01	0.0	80.0	1.69418	3.728510285473872	1.5162897109985352	99	196.0	5.0	960.0	8.82	49.0	32.0	3.0	10.2	1.2	10
1989-05-08	-4.3171	-3.6401869813486583	689.0	2.9497389793396	1007.2395833333334	11.0875	0.01	0.3	57.375	9.67847	0.4597260768392395	5.524956226348877	47	99.0	5.0	1560.0	11.23	53.0	35.0	3.7	7.4	3.0	5
1989-06-13	-3.1328	-2.7059071144907407	804.0	2.2065971295038858	1032.4458333333334	14.4	0.01	0.0	54.41666666666666	3.85354	2.621194021721831	13.50592803955078	47	135.0	15.0	940.0	13.17	52.0	12.0	2.8	15.4	29.2	6
1989-07-17	-5.0563	-4.730174402669732	626.7	2.873255809148153	1007.5416666666666	12.116666666666667	0.01	0.0	54.54166666666666	1.84729	2.0246216600422984	12.939595699310305	47	169.0	27.0	800.0	8.41	41.0	7.0	2.3	18.2	11.7	7
1989-08-15	-5.9969	-5.154914207433397	668.4	2.609844197829565	1011.0916666666668	16.7625	0.01	11.3	79.72916666666667	1.17109	6.68602208383069	12.27760648727417	47	198.0	8.0	731.0	8.32	47.0	12.0	1.8	18.3	15.7	8
1989-09-11	-7.296	-6.759297644273386	574.6	1.6341591874758403	1028.0041666666666	8.683333333333334	0.01	0.0	63.083333333333336	1.32707	7.567304095074955	7.464103698730469	47	225.0	8.0	733.0	8.88	40.0	12.0	2.1	15.1	8.8	9
1989-10-17	-20.2655	-19.745201059148165	127.7	1.5761621991793315	1014.4	6.3875	0.01	1.6000000000000003	96.5	2.02314	2.164139507146495	0.8941183090209961	47	261.0	6.0	880.0	7.7	56.0	38.0	2.75	10.7	0.5	10
1990-05-08	-1.6425	-1.1738002279097437	552.1	2.508896251519521	1018.1166666666668	13.195833333333333	0.0095833333333333	0.0	62.770833333333336	6.75819	0.124351317642846	6.84080696105957	56	87.0	10.0	1519.0	13.74	64.0	7.0	2.65	13.4	38.3	5
1990-06-11	-2.643	-2.58228850347866	797.0	2.297586311896642	1012.4208333333332	16.429166666666667	0.01	0.0	52.625	1.97612	1.7021122468192698	14.759332656860352	56	121.0	21.0	1293.0	10.76	24.0	3.0	2.2	13.7	13.7	6
1990-07-17	-6.0844	-5.719510220817639	623.2	3.548437853654226	1009.5416666666666	15.179166666666667	0.01	11.7	86.66666666666667	6.95533	2.2177158216803963	11.705255508422852	56	157.0	44.0	1020.0	8.58	31.0	8.0	2.25	16.6	4.8	7
1990-08-15	-4.4464	-3.079835206411069	503.7	1.995535393555959	1010.275	19.2	0.01	0.0	78.95833333333333	3.27299	4.2116698294629655	13.628088474273682	56	186.0	12.0	897.0	9.33	20.0	2.0	0.75	19.0	10.6	8
1990-09-17	-9.6854	-9.577303741689054	530.6	1.989970723787944	1016.9125	10.725	0.01	0.0	80.41666666666667	3.64928	10.219295662731945	5.172962188720703	56	219.0	9.0	991.0	9.3	25.0	2.0	0.45	14.4	18.3	9
1990-10-15	-36.8	-36.8	291.8	2.637454708417257	1018.425	10.641666666666667	0.01	0.0	92.70833333333331	21.3739	0.0112245035559531	-0.0035934448242187	56	247.0	5.0	957.0	8.54	72.0	18.0	1.85	10.0	1.3	10
1991-05-06	-36.8	-36.8	783.0	3.451092094182968	1016.7208333333332	4.770833333333333	0.005	0.0	49.625	5.8981	0.0083211975637364	0.0234031677246093	97	37.0	10.0	1565.0	10.88	59.0	23.0	4.35	4.9	1.1	5
1991-06-11	-4.5016	-3.895345256323708	518.94	2.320134987433752	1005.8666666666668	12.575	0.01	0.0	87.98088074	5.1884	1.5296739261403731	7.434456348419189	97	73.0	8.0	1469.0	10.8	55.0	15.0	4.1	11.0	11.0	6
1991-07-16	-3.5692	-3.241647546139431	639.8	2.3314825097719827	1002.1958333333332	17.129166666666666	0.01	0.4	74.20833333333333	2.74647	1.6844728981837556	15.162291049957275	97	108.0	10.0	1331.0	9.44	14.0	8.0	3.15	19.0	42.8	7
1991-08-19	-4.7172	-4.193607932648953	545.2	3.4968261321385703	1003.8125	15.966666666666669	0.01	3.3999999999999995	90.33333333333331	7.41113	4.078335796174763	11.751322269439695	97	142.0	29.0	999.0	8.04	28.0	3.0	1.25	19.1	13.3	8
1991-09-16	-9.5172	-8.64751348295269	525.7	2.4101608196894326	1011.4166666666666	11.875	0.01	0.0	71.625	3.36779	2.9166772156856986	5.651193618774414	97	170.0	11.0	903.0	8.68	49.0	6.0	1.8	14.1	13.5	9
1991-10-14	-15.9432	-13.744377899315497	19.86	2.301001578569412	1009.5416666666666	9.966666666666669	0.01	0.7	89.125	2.52885	6.972976460853288	1.765268325805664	97	198.0	5.0	1065.0	7.88	44.0	23.0	2.6	11.5	1.7	10
1992-05-11	-3.6003	-36.8	746.0	3.130312025547028	1006.9625	6.875	0.01	0.2	67.41666666666667	17.9289	0.1939112194505023	0.1345157623291015	40	70.0	16.0	1748.0	12.5	60.0	27.0	4.3	6.1	2.5	5
1992-06-09	-2.2475	-2.1784463482832845	797.0	2.160679548978805	1023.3666666666668	15.595833333333331	0.01	0.0	55.833333333333336	4.62699	1.7034031914525931	18.985090255737305	40	99.0	8.0	1017.0	11.3	50.0	9.0	2.1	19.2	36.6	6
1992-07-15	-4.0685	-3.699599181443936	464.4	3.373198986053467	1002.5041666666666	13.929166666666667	0.01	0.6000000000000001	73.91666666666667	7.35014	3.650069654408025	14.100645065307615	40	135.0	18.0	657.0	8.68	26.0	3.0	0.5	18.0	15.2	7
1992-08-10	-5.6505	-3.144139499664294	528.76	2.4813630680243173	1008.1166666666668	22.25	0.01	1.4	70.41666666666667	5.13068	4.628002472957122	13.2349271774292	40	161.0	13.0	525.0	10.9	94.0	11.0	1.1	18.6	72.2	8
1992-09-14	-9.8022	-3.611786684958544	183.6	2.048694888750712	1010.7333333333332	9.895833333333334	0.01	4.2	98.5	3.22816	2.4532220492972825	6.828313827514648	40	196.0	48.0	437.0	8.8	24.0	4.0	1.85	14.7	6.0	9
1992-10-12	-19.4946	-19.712380898484827	186.1	3.1039080719153085	1021.6666666666666	-0.2708333333333333	0.01	5.449999999999999	88.79166666666667	2.9802	0.8240794607831293	1.391374588012695	40	224.0	10.0	718.0	7.98	39.0	20.0	3.3	9.5	2.8	10
1993-05-06	-3.4209	-2.717424044684888	664.0	2.4423801402250924	1031.8375	11.358333333333334	0.01	0.2	77.25	6.21301	0.9836989801356044	7.771009922027588	77	48.0	12.0	1178.0	12.35	60.0	20.0	4.15	8.0	17.2	5
1993-06-14	-3.9346	-3.678917855445413	661.8	2.4651087323824563	1007.9541666666668	10.854166666666666	0.01	0.0	66.25	2.99363	1.3430862909157544	11.80762243270874	77	87.0	31.0	911.0	10.2	29.0	6.0	2.65	14.4	5.4	6
1993-07-19	-3.6406	-3.179319577535149	708.0	2.632287859916687	1007.3458333333332	17.633333333333333	0.01	0.0	71.66666666666667	1.75275	3.238286608487268	15.221508979797363	77	122.0	16.0	826.0	10.08	36.0	10.0	2.4	18.6		7
1993-08-16	-6.1603	-4.700869157865039	458.7	2.822235276301702	1012.43125	16.51666666666667	0.01	6.2	85.20833333333333	5.63876	7.407441867598218	11.047046661376951	77	150.0	9.0	844.0	8.27	31.0	18.0	2.25	17.1	2.2	8
1993-09-20	-12.2866	-6.740884607363912	445.1	1.98134313027064	1028.9208333333331	7.183333333333334	0.01	0.0	77.125	1.9259	4.369132334954748	3.774693489074707	77	185.0	17.0	973.0	9.07	37.0	22.0	2.8	11.4	3.9	9
1993-10-20	-36.8	-36.8	104.1	2.684081345796585	1016.1166666666668	6.483333333333333	0.01	0.5	91.875	2.82657	0.0076156172989676	-0.0042915344238281	77	215.0	13.0	948.0	8.91	52.0	39.0	3.15	8.5	2.2	10
1994-05-17	-3.4957	-3.205955396814017	309.78	2.016698181629181	1012.3395833333334	7.245833333333334	0.01	1.4999999999999998	85.08333333333333	3.8951	0.911147154201148	8.917014122009277	92	42.0	17.0	1366.0	11.51	59.0	20.0	3.9	9.0	3.2	5
1994-06-13	-3.1298	-2.747125421828253	721.73	2.493665705124537	1018.0458333333332	15.770833333333334	0.01	0.0	57.625	2.76483	0.6497115895327951	11.626404762268066	92	69.0	9.0	1363.0	9.65	48.0	7.0	3.1	13.3	23.1	6
1994-07-19	-3.2331	-3.216720114827654	793.67	2.375603566567103	1019.8958333333334	18.541666666666668	0.01	0.0	55.208333333333336	1.32387	5.034622504294189	18.10414171218872	92	105.0	18.0	774.0	9.32	41.0	8.0	2.1	20.8	23.1	7
1994-08-16	-4.7291	-4.677078694545905	452.41	2.1189509332180023	1019.175	14.529166666666669	0.01	0.0	64.58333333333333	4.0051	2.7242359145020982	12.430736064910889	92	133.0	8.0	622.0	8.16	38.0	6.0	1.4	19.9	18.0	8
1994-09-19	-8.986	-8.680347392244554	273.75	2.1349147955576577	1020.2770833333334	10.141666666666667	0.01	0.0	81.97916666666667	6.25796	2.8124402706909666	5.844145774841309	92	167.0	23.0	731.0	8.33	36.0	11.0	2.4	13.9	7.0	9
1994-10-17	-23.449	-23.05882492952636	398.57	2.9453876415888467	1018.7625	1.2083333333333333	0.01	0.0	60.91666666666666	2.9915	0.0263778887502239	0.639225959777832	92	195.0	7.0	816.0	9.7	47.0	38.0	2.8	9.8	1.8	10
1995-05-16	-21.0005	-36.8	739.0	2.943550248940786	1002.4041666666668	5.4375	0.01	0.0	78.77083333333333	28.1975	0.1389991572551484	0.6073970794677734	50	71.0	10.0	1696.0	11.35	57.0	34.0	3.68	5.6	1.6	5
1995-06-13	-3.5132	-3.609173940807039	112.2	2.6898505489031472	1015.8333333333334	11.670833333333334	0.01	4.7	96.75	9.65245	0.7675231856968805	9.422428131103516	50	99.0	68.0	1124.0	9.2	44.0	13.0	2.64	15.2	11.7	6
1995-07-10	-0.55	-2.5857918394393504	632.1	1.7224465310573578	1027.3958333333333	15.504166666666668	0.01	0.0	56.16666666666666	3.13492	1.2197642977720111	7.676626682281494	50	126.0	11.0	1138.0	11.24	36.0	7.0	1.46	17.8	15.9	7
1995-08-14	-3.8578	-2.087184266377597	263.4	2.365855872631073	1008.5291666666668	18.841666666666665	0.01	3.0	92.70833333333331	1.884	1.9815661259489092	15.130660057067873	50	161.0	8.0	722.0	9.14	35.0	7.0	1.13	20.7	19.7	8
1995-09-18	-8.1181	-5.675157436394505	522.8	1.6045123934745789	1030.6916666666666	7.808333333333334	0.01	0.0	79.75	1.31528	7.04624927898545	6.157166481018066	50	196.0	17.0	935.0	8.76	32.0	9.0	1.95	14.4	5.1	9
1995-10-23	-36.8	-26.653119059253708	122.1	3.291554798682531	1016.3541666666666	9.0375	0.01	0.0	86.5625	2.95716	0.0532771450043555	0.3184728622436523	50	231.0	15.0	1188.0	9.52	42.0	31.0	2.57	10.3	1.3	10
1996-05-21	-1.2447	-10.69402903153484	816.0	3.604373008012772	1016.3416666666668	9.116666666666667	0.01	0.0	47.270833333333336	6.05369	0.3173645392908658	1.5206756591796875	110	43.0	53.0	1240.0	11.7	48.0	28.0	3.2	5.8	9.5	5
1996-05-23	-0.55	-6.749669276214799	808.0	2.2993949552377067	1013.8416666666668	12.785416666666668	0.0095833333333333	0.0	47.41666666666666	5.45497	0.8821213795418179	2.893489360809326	110	45.0	26.0	1742.0	12.48	46.0	27.0	2.53	7.5	16.1	5
1996-06-18	-3.795	-3.418755006396287	392.03	2.478249669075012	999.5625	13.954166666666666	0.01	5.95	79.72916666666667	3.53948	2.592626208827985	12.420812129974363	110	71.0	12.0	799.0	11.72	17.0	7.0	0.11	14.7	19.3	6
1996-07-15	-5.0643	-4.480946316967447	736.0	2.890177537997564	1011.0	15.727083333333333	0.01	0.0	60.625	5.67107	1.1193384731567555	10.80997371673584	110	98.0	15.0	700.0	10.53	25.0	6.0	0.43	16.8	30.8	7
1996-07-18	-5.2128	-4.702194857743818	693.5	2.868388682603836	1019.94375	12.958333333333334	0.01	0.0	74.52083333333333	4.73596	4.661644943308225	10.721331596374512	110	101.0	53.0	750.0	10.2	24.0	5.0	0.69	16.1	7.8	7
1996-08-19	-2.6765	-2.6263556681412634	642.79	2.686792333920797	1022.06875	21.23333333333333	0.01	0.0	61.625	1.39839	3.136471515871253	16.04837942123413	110	133.0	8.0	597.0	10.55	46.0	8.0	0.37	20.4	17.9	8
1996-09-18	-9.0248	-7.689448888768714	473.25	1.856276124715805	1028.0625	9.533333333333331	0.01	0.0	83.79166666666667	1.9725	8.797044572489607	6.086207389831543	110	163.0	7.0	694.0	9.33	27.0	9.0	1.07	14.0	9.4	9
1996-09-24	-9.7602	-6.99276458579058	394.42	2.017468184232712	1017.0583333333334	8.741666666666667	0.01	0.0	77.41666666666667	1.3951	6.742013642382255	5.352631568908691	110	169.0	18.0	780.0	11.8	22.0	10.0	1.4	12.6	1.7	9
1996-10-21	-17.0346	-16.745175412239615	88.5	2.224797914425532	1013.35	4.627083333333333	0.01	0.3	99.4375	1.12503	2.6666844670880123	1.3338489532470703	110	196.0	6.0	855.0	8.44	33.0	24.0	1.41	10.2	4.4	10
1997-05-12	-0.8197	-15.222250139885563	498.8	2.4413200517495475	1017.7958333333332	12.166666666666666	0.01	2.7	89.04166666666667	6.35762	0.6756000044322888	1.341686725616455	74	65.0	24.0	1471.0	11.58	44.0	26.0	4.13	5.8	5.5	5
1997-07-14	-3.7949	-3.22384825297292	780.0	1.752341757218043	1023.76875	17.566666666666666	0.01	0.0	62.375	2.8902	3.810072694632328	13.641838550567629	74	128.0	34.0	657.0	8.85	18.0	2.0	0.46	19.2	8.1	7
1997-07-29	-3.1501	-3.1574752322076454	268.8	3.816130618254344	1009.2083333333334	15.320833333333333	0.01	3.3	93.70833333333331	6.23446	3.817341240141572	16.636199474334717	74	143.0							20.9		7
1997-08-14	-3.1405	-2.735819688769879	594.8	2.537040223677953	1015.5791666666668	16.1125	0.01	0.0	64.20833333333333	3.18406	3.564833534905409	16.348495483398438	74	159.0							21.5		8
1997-09-19	-10.139	-9.87947220054798	461.4	3.003442953030268	1016.3	8.258333333333333	0.01	0.0	63.91666666666666	5.69504	3.5595374926011227	5.764064788818359	74	195.0	14.0	544.0	9.21	37.0	8.0	1.43	14.6	18.8	9
1997-10-03	-11.8992	-11.670351427497405	420.8	2.317015240589777	1004.7291666666666	6.845833333333334	0.01	0.0	89.91666666666667	5.89784	2.488488822664427	3.4095191955566406	74	209.0							12.2		10
1998-04-15	-36.8	-36.8	488.6	2.4990792175134025	1007.2658333333334	3.0708333333333333	0.01	0.0	75.375	8.87529	0.0336722141856086	-0.011310338973999	72	38.0							2.5		4
1998-04-16	-36.8	-36.8	501.7	3.8017849028110495	1001.0171875	4.513541666666667	0.01	0.0	74.07598039215686	8.44911	0.0254678392679536	0.0070400238037109	72	39.0	5.0	2000.0	12.0	36.0	29.0	4.6	5.4	4.5	4
1998-05-18	-2.5148	-2.0166633142402173	746.0	2.7603526413440704	1022.0541666666668	17.729166666666668	0.01	0.0	48.0	4.95967	0.5876944059257216	9.732860088348389	72	71.0	11.0	1636.0	12.36	47.0	13.0	4.06	12.3	17.1	5
1998-05-18	-2.5148	-2.0166633142402173	746.0	2.7603526413440704	1022.0541666666668	17.729166666666668	0.01	0.0	48.0	4.95967	0.5876944059257216	9.732860088348389	72	71.0	21.0	910.0	14.9	43.0	12.0	3.6	12.5	13.0	5
1998-07-15	-4.0063	-3.681294828439818	507.0	3.708883374929428	995.3416666666668	13.35	0.01	9.0	87.41666666666667	5.75675	1.5762009323830095	13.185421466827393	72	129.0	16.0	1300.0	10.2	25.0	4.0	2.4	18.6	15.0	7
1998-07-21	-6.0835	-5.747398624447953	742.0	2.5522242883841195	1012.05	18.8625	0.01	0.1	65.45833333333333	4.34251	1.6701701979303436	11.127198696136476	72	135.0								20.808	7
1998-07-21	-6.0835	-5.747398624447953	742.0	2.5522242883841195	1012.05	18.8625	0.01	0.1	65.45833333333333	4.34251	1.6701701979303436	11.127198696136476	72	135.0	8.0	1123.0	10.09	33.0	6.0	2.07	18.0	21.0	7
1998-07-28	-5.484	-5.117331905465121	603.3	2.4993174374103546	1009.4875	15.9875	0.01	0.1	78.66666666666667	3.74709	2.874583642291367	11.936749935150146	72	142.0								21.756870000000003	7
1998-07-30	-4.725	-4.678420277774965	720.0	3.060350934664408	997.5541666666668	15.629166666666668	0.01	4.0	81.29166666666667	4.5957	2.51893539911436	12.217113018035889	72	144.0							17.8		7
1998-08-04	-5.7438	-4.23318716358944	273.9	2.7894152402877808	1008.7916666666666	14.5375	0.01	0.4	80.91666666666667	3.18802	4.919046088409736	12.142793655395508	72	149.0								5.16906	8
1998-08-11	-5.2812	-4.445000025684003	698.1	1.8668344020843504	1023.3375	14.6375	0.01	3.35	64.95833333333333	2.90142	6.050320611149108	11.74604034423828	72	156.0								9.22887	8
1998-08-11	-5.2812	-4.445000025684003	698.1	1.8668344020843504	1023.3375	14.6375	0.01	3.35	64.95833333333333	2.90142	6.050320611149108	11.74604034423828	72	156.0							19.8		8
1998-08-25	-7.1751	-7.046777472163591	417.8	2.637551009654999	1002.0458333333332	10.645833333333334	0.01	0.1	76.54166666666667	5.50327	6.51892835709844	8.670145034790039	72	170.0								1.0962	8
1998-09-01	-8.4882	-8.189806785957561	260.8	2.349415510892868	1026.8166666666666	9.34375	0.01	0.8	83.02083333333333	4.76281	3.224166342076072	6.69335412979126	72	177.0								0.99306	9
1998-09-08	-3.267	-3.1341530826028943	545.4	2.252235929171244	1012.7041666666668	13.754166666666668	0.01	0.0	83.54166666666667	2.6767	2.0087685859890305	7.501689434051514	72	184.0								9.51471	9
1998-09-14	-5.6221	-5.341998844497421	506.3	3.419851799805959	991.525	15.425	0.01	6.0	79.0	3.68988	1.422824411291571	7.475589752197266	72	190.0	22.0	1300.0	9.3	23.0	15.0	2.4	15.1	4.5	9
1998-09-14	-5.6221	-5.341998844497421	506.3	3.419851799805959	991.525	15.425	0.01	6.0	79.0	3.68988	1.422824411291571	7.475589752197266	72	190.0	14.0	1176.0	9.1	35.0	16.0	3.0	15.7	9.8	9
1998-09-15	-6.0432	-5.635175516103927	169.7	2.890770604213079	985.4916666666668	12.170833333333334	0.01	1.6000000000000003	93.54166666666669	5.2583	1.5481339041400015	7.531058311462402	72	191.0								3.90321	9
1998-09-29	-9.9176	-7.940590864569251	465.1	2.9602210521698	1020.2083333333334	10.4375	0.01	0.0	76.83333333333333	2.68894	4.380705593339241	4.396554946899414	72	205.0								2.1141	9
1998-09-30	-9.6036	-8.762025986585437	444.1	2.6218851109345755	1025.4083333333333	7.0125	0.01	0.0	67.54166666666667	2.516	2.1790054505525305	4.243152618408203	72	206.0							13.5		9
1998-10-13	-16.5075	-16.105054412467286	214.8	2.7800891200701394	1002.7208333333332	5.729166666666667	0.0095833333333333	0.0	83.875	3.08495	1.6287319695754807	1.4702978134155271	72	219.0								1.3062599999999998	10
1998-11-02	-36.8	-36.8	125.8	3.2454305390516915	999.5333333333332	0.8624999999999999	0.01	8.2	94.41666666666669	3.16989	0.0396345296160466	-0.0070705413818359	72	239.0								0.9004499999999999	11
1998-11-10	-36.8	-36.8	69.45	1.991483767827352	1017.4916666666668	0.2374999999999999	0.01	1.8000000000000005	91.125	2.38938	0.0430211530850601	-0.0080733299255371	72	247.0								0.88866	11
1998-11-25	-36.8	-36.8	19.44	1.731899162133535	1021.4166666666666	0.6625	0.01	0.4	94.66666666666669	1.51788	0.0303713054390384	-0.0159382820129394	72	262.0								0.69165	11
1999-04-13	-36.8	-36.8	150.7	4.942375	994.9541666666668	4.216666666666667	0.01	4.6	91.83333333333331	21.7614	0.0020946253564496	0.0056254863739013	81	13.0								1.1888099999999997	4
1999-04-13	-36.8	-36.8	150.7	4.942375	994.9541666666668	4.216666666666667	0.01	4.6	91.83333333333331	21.7614	0.0020946253564496	0.0056254863739013	81	13.0							3.3		4
1999-04-20	-36.8	-36.8	638.4	3.18515	1016.1341935483872	6.575833333333334	0.0095	0.0	89.43870967741934	54.1166	0.0	0.0039827823638916	81	20.0								0.9004499999999999	4
1999-04-27	-36.8	-36.8	689.5	2.7557500000000004	1026.4166666666667	11.066666666666668	0.01	0.0	57.583333333333336	37.803	0.0020721602317976	0.0299122333526611	81	27.0								1.0048499999999998	4
1999-05-04	-36.8	-36.8	711.0	2.263916666666667	1026.275	5.9875	0.01	0.5	73.25	27.6778	0.0732962491424409	0.0595512390136718	81	34.0								2.8187999999999995	5
1999-05-09	-7.2013	-8.199959862857751	606.8	1.9476771155993144	1020.7083333333334	2.6791666666666667	0.01	3.1	66.79166666666667	21.3546	0.2052048165392505	1.8323793411254885	81	39.0								2.41425	5
1999-05-18	-4.3217	-3.6953515388589087	737.0	2.338291505972544	1023.8	14.395833333333334	0.01	0.0	43.29166666666666	14.1319	0.6162243944437108	3.813201904296875	81	48.0								3.3016499999999995	5
1999-05-18	-4.3217	-3.6953515388589087	737.0	2.338291505972544	1023.8	14.395833333333334	0.01	0.0	43.29166666666666	14.1319	0.6162243944437108	3.813201904296875	81	48.0	12.0	1557.0	10.25	68.0	35.0	5.73	8.9	5.3	5
1999-05-25	-4.4676	-4.248434726258756	764.0	3.834969957669576	1008.05	13.820833333333333	0.01	1.6	59.375	10.6896	0.4639498803364004	7.816305637359619	81	55.0								7.335359999999999	5
1999-06-01	-4.42	-3.369897977805038	770.0	3.8366379340489702	1014.1666666666666	15.566666666666668	0.01	0.0	48.91666666666666	7.32467	1.7117884910962995	9.849659442901611	81	62.0								6.344819999999999	6
1999-06-08	-4.5499	-4.055214751234905	775.0	2.079049527645111	1021.99375	16.458333333333332	0.01	0.0	61.9375	5.95595	3.161466663262459	11.708060264587402	81	69.0								6.55362	6
1999-06-15	-5.3935	-4.311527880868198	687.0	4.0728333333333335	1018.9395833333332	17.88958333333333	0.01	0.0	61.79166666666666	4.37234	1.9011721710129064	12.861452579498293	81	76.0								21.00123	6
1999-06-22	-7.0561	-6.7149926610326345	760.0	3.1957500000000003	1012.1	15.366666666666667	0.01	0.0	53.0	3.09149	2.252503931821144	12.74293088912964	81	83.0								28.265400000000003	6
1999-06-29	-7.9059	-7.723436025370158	749.0	3.415	1014.3958333333334	17.108333333333334	0.01	0.0	67.875	3.22109	1.7155524271557	12.046345233917236	81	90.0								17.92773	6
1999-07-06	-8.1002	-6.686599879170937	572.2	3.530666666666667	1005.4083333333332	19.17083333333333	0.01	0.3	69.91666666666667	2.98712	2.9531200553682213	13.286897659301758	81	97.0								14.58945	7
1999-07-13	-2.6494	-2.654160904280512	725.0	4.622041666666667	1008.1041666666666	23.90416666666667	0.01	0.0	54.375	1.94945	1.3585805097376198	18.102248191833496	81	104.0								10.10448	7
1999-07-14	-3.6247	-3.880260929902272	709.0	6.08625	998.1083333333332	23.604166666666668	0.01	0.0	63.79166666666666	1.85582	1.2467308020243193	17.452898502349854	81	105.0	15.0	936.0	9.63	37.0	2.0	2.46	23.0	19.0	7
1999-07-20	-7.2067	-7.157371448544295	704.0	4.865583333333333	1008.9541666666668	21.495833333333334	0.01	0.0	62.54166666666666	1.40056	4.247996508083058	14.82651710510254	81	111.0								11.282759999999998	7
1999-07-27	-9.597	-9.313542543327424	778.0	2.0859583333333336	1021.2958333333332	16.929166666666667	0.01	0.0	52.875	1.30266	18.49431868098232	12.84749698638916	81	118.0								13.19607	7
1999-07-29	-9.5861	-3.209628466492773	752.0	2.6491666666666664	1020.0625	20.51458333333333	0.01	0.0	48.833333333333336	1.12743	3.841077976135245	14.022290229797363	81	120.0							19.7		7
1999-08-03	-9.4601	-3.250851226461581	643.5	2.6072083333333333	1019.325	22.070833333333336	0.01	0.0	45.66666666666666	0.871078	5.483177415626098	16.306078910827637	81	125.0								19.59687	8
1999-08-10	-7.5453	-7.150935651277528	152.2	2.3382083333333337	1003.8375	13.55	0.01	1.6	94.20833333333331	5.81983	2.442810427815574	13.542521476745604	81	132.0								4.138109999999999	8
1999-08-16	-8.5275	-7.740055029954547	645.3	5.226791666666666	1004.0458333333332	13.3125	0.01	0.0	64.04166666666667	1.63825	2.526032012929934	11.940528392791748	81	138.0							18.1		8
1999-08-17	-9.3952	-8.772417559371934	644.5	2.1159166666666667	1004.7666666666668	14.475	0.01	0.0	63.79166666666666	1.54578	2.9008219951442937	11.321205139160156	81	139.0								6.279569999999999	8
1999-08-24	-9.8629	-7.748935415631458	648.3	2.4637083333333334	1020.3833333333332	12.2625	0.01	0.0	65.41666666666667	1.42459	14.517794039180837	10.670920372009276	81	146.0								3.85101	8
1999-08-31	-10.2444	-4.614667310364722	442.0	3.724166666666666	1009.4541666666668	13.2875	0.01	1.9	80.16666666666667	2.59313	1.8218278232485017	10.355255603790283	81	153.0								3.1059	8
1999-09-07	-12.2	-10.245979107592268	489.4	3.836458333333333	1013.35	18.204166666666666	0.01	0.0	64.83333333333333	1.45709	8.345276828945794	9.57214069366455	81	160.0								6.35661	9
1999-09-14	-12.0417	-7.200624104010692	521.9	1.8199166666666668	1022.325	12.404166666666669	0.01	0.0	70.91666666666667	1.03157	11.625077156117008	9.92969036102295	81	167.0								6.16212	9
1999-09-21	-13.3664	-12.9925590872364	421.3	5.792541666666668	1013.8375	14.922916666666666	0.01	0.0	75.3125	0.857029	3.070925916757956	7.907325744628906	81	174.0								3.04065	9
1999-09-21	-13.3664	-12.9925590872364	421.3	5.792541666666668	1013.8375	14.922916666666666	0.01	0.0	75.3125	0.857029	3.070925916757956	7.907325744628906	81	174.0	32.0	1107.0	8.65	27.0	7.0	1.87	16.4	8.8	9
1999-09-28	-14.7663	-13.939917293928154	146.4	3.7945833333333336	994.9458333333332	12.560416666666669	0.01	8.7	95.52083333333331	5.09186	10.246371538483157	6.267449378967285	81	181.0								2.2185	9
1999-10-12	-21.5449	-21.246733013964207	377.7	3.4332000000000003	1005.02	8.65	0.01	0.0	59.8	3.4267	0.0626985961295558	2.6295881271362305	81	195.0								1.51506	10
1999-11-16	-36.8	-36.8	64.08	4.898375000000001	1010.65625	2.6416666666666666	0.01	0.7	88.22916666666667	0.97461	0.0436092200902642	-0.0100479125976562	81	230.0								0.69165	11
2000-04-17	-36.8	-36.8	611.7	4.061625	1005.2916666666666	7.420833333333333	0.01	0.4	75.54166666666667	5.2591	0.0052325959762117	0.0198564529418945	77	29.0								2.11536	4
2000-04-26	-36.8	-36.8	630.9	3.25625	1019.0479166666668	9.4875	0.01	0.0	71.75	3.51912	0.0133518595133231	0.0190711021423339	77	38.0							5.3		4
2000-05-02	-15.8466	-15.169229431226606	293.8	4.3095	1029.5208333333333	7.279166666666666	0.01	0.0	53.208333333333336	2.4325	0.3809531690847526	1.2000913619995115	77	44.0								6.76242	5
2000-05-09	-0.55	-9.775409713060805	723.0	3.8117916666666662	1022.69375	16.360416666666666	0.0095833333333333	0.0	48.6875	1.76566	0.715049987817029	3.15091609954834	77	51.0								36.77994	5
2000-05-15	-0.55	-6.227061011228863	600.9	3.441666666666667	1017.4291666666668	14.304166666666667	0.01	0.0	51.625	1.48535	0.8480513716691603	5.140574932098389	77	57.0	11.0	1169.0	14.22	37.0	3.0	2.37	11.8	38.8	5
2000-05-16	-2.2228	-3.453404841256749	591.3	4.005208333333333	1018.6375	13.01875	0.01	0.0	43.3125	1.40516	0.3100873065052539	6.510408878326416	77	58.0								49.16439	5
2000-05-23	-6.6087	-5.707379729079179	609.4	3.7120833333333336	1012.2458333333334	13.654166666666669	0.01	0.0	63.458333333333336	1.60136	2.687231548579088	7.198668479919434	77	65.0								19.71432	5
2000-05-29	-11.5984	-12.222507956467949	808.0	6.8905	1000.21875	11.970833333333331	0.01	0.0	70.58333333333333	2.60986	1.0107652659065416	6.265108585357666	77	71.0								13.28616	5
2000-06-13	-14.7873	-9.87797892597884	476.9	7.806208333333333	1009.2541666666666	14.96875	0.01	0.0	71.39583333333333	2.50351	1.192679493410442	7.91998291015625	77	86.0								17.54298	6
2000-06-20	-16.5732	-9.936642721316442	695.7	4.026958333333334	1011.825	17.443749999999998	0.01	0.4	60.0	1.79873	2.004152220912946	8.171324253082275	77	93.0								9.81486	6
2000-06-27	-9.2001	-7.722621317442988	367.6	2.762916666666667	1003.5833333333334	10.720833333333331	0.01	0.4	84.72916666666667	4.53259	5.244061052828056	10.184690475463867	77	100.0								13.80816	6
2000-07-04	-1.0977	-11.316979798413891	501.5	2.19375	1007.675	19.55625	0.01	0.1	62.958333333333336	3.93232	29.46309372628956	8.875149726867676	77	107.0								12.73932	7
2000-07-10	-13.3745	-5.194559126840171	720.0	3.5519166666666666	1000.5958333333332	14.358333333333334	0.01	0.0	73.58333333333333	2.47136	2.3052355859377003	9.929041862487791	77	113.0	21.0	779.0	11.09	31.0	4.0	1.63	19.2	11.3	7
2000-07-18	-12.6307	-11.343805664483565	319.2	2.674875	1004.3270833333332	15.975	0.01	0.15	86.58333333333333	5.396	18.933587742590216	8.425482749938965	77	121.0								1.68471	7
2000-08-15	-3.4191	-3.145704081786488	625.5	4.709666666666666	1010.6083333333332	17.864583333333332	0.01	1.0	84.6875	2.88082	2.123171737177897	11.01356029510498	77	149.0								3.8367	8
2000-08-15	-3.4191	-3.145704081786488	625.5	4.709666666666666	1010.6083333333332	17.864583333333332	0.01	1.0	84.6875	2.88082	2.123171737177897	11.01356029510498	77	149.0							18.1		8
2000-08-22	-9.2056	-9.07903968020804	701.0	2.150875	1010.8625	14.064583333333331	0.01	0.0	70.5	2.25499	3.580912343800416	8.407721519470215	77	156.0								2.80575	8
2000-08-28	-9.9074	-8.607038916575291	496.3	3.9654166666666666	1024.0666666666666	15.795833333333334	0.01	0.0	71.5	1.83058	2.291019529934568	7.882004737854004	77	162.0								3.132	8
2000-09-04	-12.2868	-11.861734623308772	403.0	4.571791666666667	1012.9583333333334	9.470833333333331	0.01	0.0	71.27083333333333	2.04844	1.8371398575378777	6.8489274978637695	77	169.0								3.22461	9
2000-09-11	-18.5361	-18.111536923224392	552.4	2.410625	1013.1625	10.9	0.01	0.0	62.35416666666666	1.72777	4.964728550334071	4.571850776672363	77	176.0								4.04676	9
2000-09-18	-18.391	-17.639953036421957	468.4	4.167708333333333	1020.46875	9.285416666666666	0.01	0.0	74.75	1.22288	3.8937692327017626	3.831758499145508	77	183.0								1.43298	9
2000-09-18	-18.391	-17.639953036421957	468.4	4.167708333333333	1020.46875	9.285416666666666	0.01	0.0	74.75	1.22288	3.8937692327017626	3.831758499145508	77	183.0	7.0	761.0	8.38	32.0	22.0	2.26	14.2	5.2	9
2000-09-25	-19.8969	-15.03431301966486	430.9	2.1319583333333334	1028.8666666666666	9.966666666666669	0.0095833333333333	0.0	79.35416666666667	0.857123	7.898646739633774	3.064413070678711	77	190.0								3.83796	9
2000-09-29	-18.8004	-18.694703810639243	298.6	4.00975	1014.2175	15.475	0.01	0.0	82.45833333333333	0.763566	1.2490724028818625	2.719799041748047	77	194.0							13.2		9
2000-10-11	-29.0023	-28.783190394622025	231.29	8.847375	1005.1333333333332	9.216666666666669	0.01	0.4	84.5625	2.33037	0.1141304255522522	1.4598989486694336	77	206.0								1.77606	10
2000-11-01	-36.8	-36.8	184.8	5.7294583333333335	996.68125	8.791666666666666	0.01	0.0	80.83333333333333	8.44405	0.0029449211937553	-0.0036792755126953	77	227.0								1.20186	11
2001-04-23	-36.8	-36.8	87.0	5.136	1005.2104166666668	4.59375	0.01	11.7	92.22916666666669	4.85287	0.002127762471323	0.002507209777832	73	21.0	15.0	1400.0	10.8	63.0	45.0	4.74	3.6	1.0	4
2001-05-18	-6.4894	-5.958690530408167	453.2	3.2730833333333336	1000.8979166666668	10.9	0.01	11.35	89.16666666666667	4.14174	1.3574472432832738	4.337215423583984	73	46.0	20.0	1218.0	10.49	51.0	20.0	4.87	10.7	8.4	5
2001-07-11	-3.6368	-3.483245872931941	638.9	6.224333333333333	1001.5541666666668	18.285416666666663	0.01	6.0	76.79166666666667	4.86166	7.089730329820802	18.169429302215576	73	100.0	33.0	899.0	8.73	31.0	3.0	2.61	21.3	17.1	7
2001-08-01	-11.6272	-11.225294688323247	657.7	2.0098333333333334	1012.9375	15.116666666666667	0.01	0.3	58.458333333333336	2.1897	13.280333406613824	11.720097064971924	73	121.0							19.9		8
2001-08-13	-12.7204	-12.646257211374031	501.6	3.562	1001.8354166666668	16.0625	0.01	0.0	75.08333333333333	3.319	4.911481821607339	9.979110717773438	73	133.0	53.0	803.0	8.45	32.0	7.0	2.28	18.4	4.3	8
2001-09-24	-19.1977	-19.973147639244687	515.6	4.461166666666666	1026.225	7.225	0.01	0.0	72.4375	4.26208	2.4770637265955813	4.608210563659668	73	175.0	10.0	775.0	8.47	29.0	17.0	2.51	14.8	3.6	9
2002-04-22	-2.3882	-36.8	725.0	5.5211250000000005	1024.6458333333333	12.0625	0.0095833333333333	0.0	55.5	11.2487	0.1406418314200262	0.2614588737487793	77	41.0	10.0	1318.0	11.43	48.0	44.0	4.59	4.6	0.8	4
2002-05-22	-8.4638	-7.220901986443496	774.0	2.606958333333333	1015.5604166666668	14.727083333333333	0.0070833333333333	0.0	45.10416666666666	4.04151	1.405576094734673	6.078458309173584	77	71.0	10.0	1474.0	11.07	50.0	13.0	4.26	13.1	23.0	5
2002-07-15	-0.55	-1.618753736141206	754.0	1.98	1022.1090909090908	21.602083333333336	0.01	0.0	49.070512820512825	3.81912	2.4194335544322403	14.262333869934082	77	125.0	9.0	723.0	12.93	33.0	2.0	0.72	23.2	19.2	7
2002-07-31	-2.515	-2.4187826013115683	639.1	3.8296666666666663	1018.11875	21.65625	0.01	1.3	74.22916666666667	4.7444	1.023956182489765	14.874103546142578	77	141.0							21.5		7
2002-09-16	-12.9222	-12.38687545227979	252.0	2.1413333333333333	1010.4458333333332	10.435416666666669	0.01	0.6	81.47916666666667	1.1719	6.272950530736376	8.783729553222656	77	188.0	7.0	562.0	7.53	30.0	5.0	1.11	17.0	15.2	9
2002-10-02	-16.4975	-16.136029661536508	461.8	1.8565416666666668	1021.81875	6.125	0.01	0.0	75.47916666666667	1.87623	21.74554999250189	3.621706962585449	77	204.0							13.4		10
2003-05-05	-36.8	-36.8	720.0	7.025375	1017.9776041666668	9.728125	0.01	0.0	58.75	25.2205	0.0	-0.0070791244506835	97	42.0	11.0	1090.0	12.11	48.0	40.0	4.06	4.8	6.6	5
2003-06-02	-8.558	-7.162455255539576	543.32	3.420625	1017.2083333333334	17.2625	0.01	0.0	53.375	8.24994	5.248703188856628	6.958011150360107	97	70.0	20.0	1124.0	12.3	38.0	6.0	1.68	15.1	16.6	6
2003-07-14	-4.0218	-3.5639686507201795	773.0	3.781041666666667	1021.55	20.5875	0.0045833333333333	0.0	66.08333333333333	3.60957	3.674941176170717	13.86599588394165	97	112.0	19.0	594.0	10.55	22.0	5.0	0.64	20.2	15.4	7
2003-07-29	-7.501	-7.22586030680396	525.2	1.69675	1021.55	20.116666666666667	0.01	0.5	76.70833333333333	2.0888	2.9015145976383887	14.49013614654541	97	127.0							22.9		7
2003-08-11	-6.5522	-5.644160449285493	694.0	3.1566666666666667	1019.575	18.53333333333333	0.01	0.0	64.41666666666667	1.10573	4.342584517475904	14.623276710510254	97	140.0	6.0	114.0	11.22	27.0	4.0	1.39	21.8	43.5	8
2003-09-15	-11.9307	-11.210219120063968	178.0	6.259166666666666	1015.3583333333332	16.879166666666666	0.01	0.0	76.625	1.39008	2.2122869579369238	7.498830795288086	97	175.0	5.0	294.0	8.67	25.0	3.0	1.53	15.7	23.8	9
2003-10-02	-20.8422	-20.23418289059521	274.9	2.7635	1008.7	9.4375	0.01	3.3000000000000003	96.125	4.88152	1.4408961408112948	3.339484214782715	97	192.0							12.4		10
2004-04-27	-0.55	-36.8	751.0	3.717416666666667	1026.3041666666666	7.220833333333334	0.01	0.0	49.41666666666666	9.51446	0.5752397029528002	0.2308101654052734	79	35.0	10.0	1700.0	10.9	46.0	25.0	2.4	5.6	2.1	4
2004-05-24	-10.0689	-9.553258407928448	222.9	2.3756666666666666	1008.7666666666668	7.84375	0.01	0.6	79.79166666666667	6.18026	2.339866863832728	6.7903900146484375	79	62.0	15.0	1500.0	10.5	36.0	4.0	4.1	10.5	13.0	5
2004-07-12	-10.4437	-10.236210461247492	501.4	5.180875	993.7791666666668	15.008333333333333	0.01	49.6	88.58333333333333	3.99432	2.6984380675253115	10.77549409866333	79	111.0	64.0	1400.0	9.8	26.0	7.0	3.0	18.2	11.0	7
2004-07-26	-8.2055	-7.994388260747088	317.4	1.6846249999999998	1009.7666666666668	14.816666666666668	0.0087499999999999	4.1	93.16666666666669	4.64117	3.5427121485322277	12.12905979156494	79	125.0							19.2		7
2004-08-18	-8.0777	-7.209991123993515	417.6	2.958708333333333	1007.825	15.945833333333333	0.01	0.0	87.58333333333333	3.02972	25.382154346516792	12.698545455932615	79	148.0	71.0	920.0	8.5	14.0	2.0	2.7	20.4	8.6	8
2004-09-13	-14.3995	-13.740979045610436	464.5	6.895458333333334	996.1458333333334	15.85	0.01	0.6000000000000001	74.375	1.80095	2.64166959923907	7.348771095275879	79	174.0	22.0	960.0	9.4	15.0	4.0	2.7	16.5	4.7	9
2004-09-27	-20.8557	-17.760777981900425	329.5	6.520833333333333	995.3916666666668	12.233333333333334	0.01	5.699999999999999	79.95833333333333	4.14317	17.064352776718053	4.171311378479004	79	188.0							12.7		9
2005-04-26	-0.55	-36.8	775.0	1.63925	1023.5958333333332	6.541666666666667	0.01	0.0	53.0	9.83316	0.2491500687619882	0.0909852981567382	64	23.0	5.0	1600.0	12.6	46.0	32.0	4.8	3.7	2.0	4
2005-05-17	-10.1239	-9.115840433997857	703.0	4.856541666666667	1007.7083333333334	8.614583333333334	0.01	0.1	60.520833333333336	5.18951	1.001438596534915	5.010758399963379	64	44.0	19.0	1300.0	12.5	43.0	5.0	4.0	8.7	21.0	5
2005-07-20	-6.0361	-4.198272865361092	495.3	3.063166666666667	1000.3125	15.895833333333334	0.01	15.9	93.16666666666669	8.26909	8.829841181146145	15.090673923492432	64	108.0	26.0	530.0	9.2	14.0	2.0	0.16	21.3	9.3	7
2005-08-16	-10.6025	-3.852868529650656	509.8	3.8735	1011.8916666666668	16.020833333333332	0.01	0.1	80.25	5.45549	3.315926522418133	10.353490829467772	64	135.0	5.0	780.0	8.7	17.0	2.0	1.4	18.4	9.1	8
2005-09-20	-13.4939	-12.707429772908077	310.7	3.5663515428702035	1016.9791666666666	15.154166666666669	0.01	0.0	76.58333333333333	1.992	12.820014412060626	5.6363725662231445	64	170.0	5.0	830.0	8.7	28.0	11.0	1.2	14.0	3.5	9
2006-05-03	-36.8	-36.8	715.0	2.295897404352824	1027.8208333333334	10.195833333333336	0.0087499999999999	0.0	77.79166666666667	24.8235	0.0	0.0142979621887207	100	19.0			10.6				4.9	1.0	5
2006-05-03	-36.8	-36.8	715.0	2.295897404352824	1027.8208333333334	10.195833333333336	0.0087499999999999	0.0	77.79166666666667	24.8235	0.0	0.0142979621887207	100	19.0	5.0	1500.0	10.7	44.0	30.0	4.5	5.3	4.3	5
2006-05-23	-4.0022	-3.6418472491086336	321.5	2.908613254626592	998.1166666666668	11.820833333333333	0.01	11.6	99.91666666666669	11.5022	0.3018802413933971	6.647745132446289	100	39.0	32.0	1200.0	11.4	30.0	5.0	3.7	11.1	13.0	5
2006-05-23	-4.0022	-3.6418472491086336	321.5	2.908613254626592	998.1166666666668	11.820833333333333	0.01	11.6	99.91666666666669	11.5022	0.3018802413933971	6.647745132446289	100	39.0							11.1	14.0	5
2006-07-12	-3.4791	-3.210088319137751	790.0	3.2908512949943542	1019.5458333333332	18.933333333333334	0.01	0.0	59.583333333333336	2.79699	3.5572134023918207	17.705678462982178	100	89.0			9.8				22.0	25.0	7
2006-07-12	-3.4791	-3.210088319137751	790.0	3.2908512949943542	1019.5458333333332	18.933333333333334	0.01	0.0	59.583333333333336	2.79699	3.5572134023918207	17.705678462982178	100	89.0	13.0	650.0	9.8	20.0	2.0	0.25	22.0	30.0	7
2006-07-26	-3.6472	-2.479571922819613	768.0	2.206077535947164	1018.5458333333332	20.33333333333333	0.01	0.0	54.41666666666666	2.17558	3.5736739578313994	17.974021911621094	100	103.0							21.3	16.0	7
2006-08-15	-3.682	-3.668828707782328	573.1	2.801642119884491	1001.1541666666668	16.575	0.01	42.3	88.33333333333333	18.0167	3.9778735405795738	15.677647590637209	100	123.0							20.2	13.0	8
2006-08-15	-3.682	-3.668828707782328	573.1	2.801642119884491	1001.1541666666668	16.575	0.01	42.3	88.33333333333333	18.0167	3.9778735405795738	15.677647590637209	100	123.0	5.0	640.0	9.0	19.0	2.0	0.82	20.2	17.0	8
2006-09-13	-8.0445	-4.377415164110588	520.8	2.708091259002685	1018.5041666666666	17.095833333333335	0.01	0.0	77.5	3.48211	2.5464045038784797	8.860850811004639	100	152.0							16.8	7.4	9
2006-09-13	-8.0445	-4.377415164110588	520.8	2.708091259002685	1018.5041666666666	17.095833333333335	0.01	0.0	77.5	3.48211	2.5464045038784797	8.860850811004639	100	152.0	5.0	420.0	8.7	16.0	3.0	1.6	16.8	7.6	9
2006-10-03	-6.8354	-6.482578205629383	181.9	2.0092434187730155	995.6458333333334	12.5375	0.01	3.0	100.33333333333331	2.66497	6.512569879278153	6.900491714477539	100	172.0							15.4	6.0	10
2007-04-23	-36.8	-36.8	366.1	2.875424236059189	1013.7208333333332	8.233333333333333	0.01	0.3	95.04166666666669	16.3241	0.0905512005738235	0.0883755683898925	53	34.0	8.0	1614.0	12.44	47.0	46.0	6.28	5.4	0.7	4
2007-05-22	-6.6109	-5.238720061883708	607.55	2.29203329483668	1013.3125	10.866666666666667	0.01	0.0	97.79166666666669	4.5623	3.219581764229764	7.971201419830322	53	63.0	6.0	1613.0	11.27	42.0	35.0		10.5	10.7	5
2007-07-09	-4.5505	-4.591426758671138	244.3	2.820093890031179	1001.575	13.654166666666669	0.01	1.8000000000000005	98.25	4.14404	2.0266160647168974	13.322197437286375	53	111.0	22.0	960.0	9.53	20.0	6.0	4.64	17.2	1.2	7
2007-08-01	-5.5443	-4.166958446269782	723.0	3.2315737704435983	1005.8166666666666	18.3375	0.01	0.0	58.25	2.45228	2.606398617811662	13.372933864593506	53	134.0							18.2		8
2007-08-13	-3.2629	-2.1030614090200688	549.5	2.82792466878891	1005.3083333333334	20.075	0.01	0.1	85.41666666666667	5.73451	2.602487940920051	15.906909465789797	53	146.0	72.0	740.0	9.0	23.0	3.0	4.08	20.6	7.4	8
2007-09-17	-9.7582	-9.703671278061751	539.0	3.828494608402252	995.4833333333332	13.583333333333334	0.01	0.9	80.08333333333333	6.50798	4.295044861531397	5.80484676361084	53	181.0	11.0	1081.0	9.37	18.0	17.0	2.94	14.3	3.7	9
2007-10-04	-15.337	-14.204808158113684	449.6	1.9572309950987496	1022.9984375	8.15	0.01	0.0	88.37611389	2.5989	15.058801007873802	3.387864112854004	53	198.0							12.6		10
2009-04-22	-36.8	-36.8	312.47	1.8029038906097408	1021.33125	6.1000000000000005	0.01	0.0	73.29273224	7.23942	0.0213760126470084	0.0201992988586425	90	21.0	20.0	1342.0	10.25	68.0	41.0		4.1	2.4	4
2009-05-26	-3.5865	-2.735183129132754	796.71	3.4568741619586945	1007.4125	16.366666666666667	0.01	0.0	60.23675919	2.39726	0.621180931383802	11.43012523651123	90	55.0	14.0	899.0	11.98	70.0	15.0	4.3	13.1	22.4	5
2009-07-14	-4.7613	-4.220437679909953	423.66	2.1726929247379303	1011.6166666666668	17.491666666666667	0.01	0.0	77.51615143	5.58089	4.155566385430298	12.447438716888428	90	104.0	8.0	772.0	9.3	49.0	6.0	2.96	17.5	22.4	7
2009-07-24	-4.8304	-3.653847329568632	528.23	3.0845888455708823	999.95	18.15833333333333	0.01	0.3	72.95018768	9.43725	2.062250081964056	13.917285442352297	90	114.0							19.2		7
2009-08-19	-5.6571	-5.240089464210028	702.8	2.263457844654719	1021.9416666666666	13.070833333333333	0.01	0.0	59.46247482	8.93633	3.2653841363714164	11.976884841918944	90	140.0	14.0	710.0	7.79	31.0	12.0	3.34	18.4	9.2	8
2009-08-25	-5.9285	-4.634022748432066	628.56	2.552415132522583	1014.8041666666668	17.125	0.01	2.0	72.54064178	5.29785	5.846337595295803	11.48019790649414	90	146.0	10.0	801.0		33.0	12.0	2.89	19.1	11.3	8
2009-09-07	-7.9105	-6.710912783978025	526.3	3.0186902284622192	1014.475	14.804166666666667	0.01	0.0	77.80817413	4.70872	9.32617370600303	9.17338514328003	90	159.0	12.0	638.0	8.36	35.0	19.0	3.41	17.1	3.5	9
2009-09-29	-9.9981	-9.544495892033783	447.43	3.246514310439428	1002.4958333333334	6.141666666666667	0.01	0.0	53.81327057	3.12876	4.4714319277761465	6.0101423263549805	90	181.0							13.0		9
2010-04-27	-36.8	-36.8	720.52	2.9806991517543797	1015.6	9.729166666666666	0.01	0.0	57.2393837	44.4353	0.005611301257748	0.009429931640625	103	14.0	15.0	1461.0	10.57	67.0	44.0	7.18	4.8	1.3	4
2010-05-25	-3.5082	-3.2079518057297087	277.27	2.7957806388537088	997.1	9.4125	0.01	0.0	84.80734253	13.4717	0.5456895865447612	8.971684455871582	103	42.0	12.0	1356.0	10.12	52.0	28.0	5.88	12.3	21.2	5
2010-07-13	-3.0435	-2.127812722244556	777.3	3.64272877573967	1009.9708333333332	26.22083333333333	0.0095833333333333	0.0	65.99118805	1.95051	2.579976903054867	20.38354206085205	103	91.0	24.0	732.0	9.45	26.0	4.0	2.12	23.9	12.8	7
2010-07-31	-5.281	-5.12678047071239	510.04	3.6228312154610953	1009.2291666666666	17.091666666666665	0.01	0.0	67.74167633	5.67776	1.349602033960152	12.883686542510986	103	109.0							19.5		7
2010-08-17	-3.2053	-3.198761621849296	251.7	2.7134488026301065	1009.3166666666666	17.783333333333335	0.01	0.8	87.51094055	5.15062	2.6522412792652275	13.782443046569824	103	126.0	14.0	638.0	8.37	19.0	5.0	3.32	19.5	11.7	8
2010-09-13	-4.8614	-4.233576879855189	116.3	2.4433542986710868	1015.3083333333334	13.804166666666667	0.01	2.3	92.45559692	2.57414	2.150863204072884	8.090860843658447	103	153.0	8.0	844.0	8.56	26.0	12.0	3.1	15.5	4.2	9
2010-09-30	-10.7475	-10.22081944186524	420.46	1.4744150439898174	1024.7916666666667	5.691666666666666	0.01	0.0	80.16249847	3.17752	10.36765429617997	4.145463943481445	103	170.0							12.4		9
2011-04-27	-1.5616	-2.7661871933119144	693.68	2.462199995915095	1028.0708333333334	10.045833333333333	0.01	0.0	56.46508789	29.0157	0.0659763489819486	2.625640869140625	120	24.0	12.0	1681.0	10.2	56.0	41.0	5.69	6.9	2.8	4
2011-05-30	-6.187	-6.113235950820858	815.48	3.89350500702858	1010.0916666666668	14.641666666666666	0.0020833333333333	0.7	57.25710297	7.05319	1.0613038195869775	8.654647827148438	120	57.0	31.0	1310.0	10.16	36.0	10.0	4.26	12.1	12.6	5
2011-07-12	-2.7666	-2.718675598713968	863.37	2.797156482934952	1011.1708333333332	16.983333333333334	0.01	3.8	59.65395737	2.14319	3.1416004136536	17.778021335601807	120	100.0	18.0	853.0	10.0	27.0	2.0	1.7	21.8	12.6	7
2011-07-31	-4.1117	-3.641422872350364	744.89	3.4070935448010764	1013.2916666666666	19.332291666666663	0.01	0.0	72.75291443	1.44142	4.58506377839184	15.92813777923584	120	119.0							20.2		7
2011-08-16	-6.0889	-4.228108639431956	515.68	2.610370328028997	1011.2583333333332	17.279166666666665	0.01	0.0	69.94210815	4.74888	3.882419296025047	12.419965744018556	120	135.0	19.0	811.0	8.25	22.0	7.0	1.92	19.2	5.1	8
2011-09-12	-6.7753	-6.053567582807808	411.86	2.865924189488093	999.4666666666668	15.754166666666668	0.01	17.3	88.95610809	6.66334	2.4838634392065044	8.483111381530762	120	162.0	12.0	770.0	8.82	25.0	4.0	2.05	17.6	10.3	9
2011-10-05	-10.981	-10.706675275086589	414.46	3.779566446940104	998.4270833333334	11.402083333333332	0.01	0.3	63.74295807	12.737	1.5210274884121944	4.300351142883301	120	185.0							14.0		10
2012-04-19	-36.8	-36.8	574.29	3.4432791769504547	1009.33125	5.566666666666666	0.01	0.5	63.21620178	16.9226	0.0244602972134942	0.005462646484375	64	27.0	5.0	1400.0	11.9	45.0	34.0	5.0	3.6	1.2	4
2012-04-19	-36.8	-36.8	574.29	3.4432791769504547	1009.33125	5.566666666666666	0.01	0.5	63.21620178	16.9226	0.0244602972134942	0.005462646484375	64	27.0								1.4	4
2012-04-25	-36.8	-36.8	582.98	3.3725503981113434	1007.4875	8.558333333333334	0.01	3.5	76.30192566	19.9023	0.0164020727462592	0.0085277557373046	64	33.0	11.0	1427.0	12.0	55.0	36.0	5.68	4.6	3.6	4
2012-05-15	-6.1164	-5.738266115360356	816.74	3.5734553138415017	1013.7208333333332	12.133333333333333	0.01	0.0	62.42015839	11.1256	0.413317940028984	5.621644973754883	64	53.0								6.0	5
2012-05-15	-6.1164	-5.738266115360356	816.74	3.5734553138415017	1013.7208333333332	12.133333333333333	0.01	0.0	62.42015839	11.1256	0.413317940028984	5.621644973754883	64	53.0	10.0	1200.0	11.2	45.0	20.0	4.8	9.4	6.2	5
2012-05-22	-3.6526	-3.0961548435333004	772.36	2.667827765146891	1022.8583333333332	14.258333333333333	0.01	0.0	59.32857513	7.71527	0.5394798052000243	9.727632522583008	64	60.0	14.0	1337.0	10.98	48.0	29.0	5.07	10.5	4.3	5
2012-07-05	-4.9894	-2.00629396451494	787.59	2.2172486881415048	1021.6333333333332	18.304166666666667	0.01	0.0	69.98122406	4.71761	2.0498322373725806	15.3643217086792	64	104.0								20.0	7
2012-07-05	-4.9894	-2.00629396451494	787.59	2.2172486881415048	1021.6333333333332	18.304166666666667	0.01	0.0	69.98122406	4.71761	2.0498322373725806	15.3643217086792	64	104.0	5.0	1000.0	9.8	18.0	2.0	3.2	17.6	20.0	7
2012-07-11	-3.1836	-3.202718501008794	649.1	2.679400314887365	1006.0875	15.2125	0.01	0.9	77.83918762	5.22928	4.252298425482936	15.727461338043211	64	110.0	27.0	926.0	9.27	23.0	5.0	3.07	18.1	14.2	7
2012-08-03	-4.2148	-4.195998810581918	579.4	2.7209748029708862	1010.4291666666668	19.429166666666667	0.01	3.2	77.42401123	2.87111	2.601820674288722	14.247891426086426	64	133.0			8.9				19.9	9.4	8
2012-08-09	-4.6459	-4.211974991204001	643.62	2.264505843321482	1017.575	14.070833333333333	0.01	0.4	92.07533264	5.40762	6.65547912072319	13.935437202453612	64	139.0	20.0	1100.0	8.5	20.0	4.0	2.3	19.5	8.5	8
2012-08-09	-4.6459	-4.211974991204001	643.62	2.264505843321482	1017.575	14.070833333333333	0.01	0.4	92.07533264	5.40762	6.65547912072319	13.935437202453612	64	139.0								8.1	8
2012-08-22	-4.2837	-4.163126858219723	431.24	2.25327143073082	1003.8583333333332	15.3625	0.01	5.6	93.47303772	3.99967	4.571763365073135	12.801501274108888	64	152.0	20.0	802.0	8.45	23.0	7.0	2.51	19.4	11.0	8
2012-09-13	-6.6553	-6.54456268793696	605.28	3.282534678777059	1006.0208333333334	11.304166666666667	0.01	0.7	64.70911407	3.5075	2.099700084972272	7.384011268615723	64	174.0								2.0	9
2012-09-13	-6.6553	-6.54456268793696	605.28	3.282534678777059	1006.0208333333334	11.304166666666667	0.01	0.7	64.70911407	3.5075	2.099700084972272	7.384011268615723	64	174.0	5.0	860.0	8.4	32.0	7.0	3.2	15.6	1.0	9
2012-09-20	-9.7667	-9.582730702613675	583.13	3.093245436747869	1008.8291666666668	8.754166666666666	0.01	1.7	70.82409668	4.87858	3.9419726568625264	5.838775634765625	64	181.0	11.0	919.0	8.59	35.0	24.0	3.51	14.2	2.3	9
2012-09-27	-11.722	-11.14962354641975	236.01	3.0597501496473947	998.3833333333332	12.458333333333334	0.01	1.1	88.64414978	13.8305	7.020830994055711	3.947061538696289	64	188.0							13.1	1.5	9
2013-04-10	-36.8	-36.8	678.32	2.109158764282862	1018.1708333333332	-0.025	0.01	0.0	70.91666666666667	6.07695	0.0401747676373141	0.004837155342102	111	5.0								1.0	4
2013-04-10	-36.8	-36.8	678.32	2.109158764282862	1018.1708333333332	-0.025	0.01	0.0	70.91666666666667	6.07695	0.0401747676373141	0.004837155342102	111	5.0	5.0	1200.0	12.6	51.0	35.0	5.7	1.4	1.3	4
2013-05-15	-3.873	-3.70300336366461	753.63	2.831317255894343	1014.7166666666668	10.3125	0.01	0.0	65.54166666666667	28.3998	0.4171788886112016	6.839882373809815	111	40.0							11.8	21.0	5
2013-05-15	-3.873	-3.70300336366461	753.63	2.831317255894343	1014.7166666666668	10.3125	0.01	0.0	65.54166666666667	28.3998	0.4171788886112016	6.839882373809815	111	40.0	5.0	1100.0	12.0	59.0	25.0	4.5	11.8	26.0	5
2013-07-11	-3.6512	-3.6982066738548265	827.27	2.681662450234095	1018.0625	15.2125	0.01	0.0	67.33333333333333	3.40095	2.0808651737055195	15.788541316986084	111	97.0								5.9	7
2013-07-11	-3.6512	-3.6982066738548265	827.27	2.681662450234095	1018.0625	15.2125	0.01	0.0	67.33333333333333	3.40095	2.0808651737055195	15.788541316986084	111	97.0	26.0	780.0	8.7	18.0	2.0	2.5	18.9	7.0	7
2013-07-31	-3.1093	-3.0175349641299603	705.74	3.2016700903574624	1006.3833333333332	16.741666666666667	0.01	1.4500000000000002	91.33333333333331	4.87902	3.74827891054938	16.64292001724243	111	117.0							18.8	3.3	7
2013-08-28	-5.9959	-2.6907459423188462	643.33	2.5755716065565744	1015.9875	17.679166666666667	0.01	0.0	73.79166666666667	1.63964	2.3762687010077075	13.982654094696043	111	145.0	5.0	570.0	9.6	17.0	2.0	2.1	19.1	16.0	8
2013-08-28	-5.9959	-2.6907459423188462	643.33	2.5755716065565744	1015.9875	17.679166666666667	0.01	0.0	73.79166666666667	1.63964	2.3762687010077075	13.982654094696043	111	145.0			9.6				19.1	15.0	8
2013-09-25	-8.6441	-8.676469395608775	407.23	2.5226448277632394	1014.7333333333332	4.416666666666667	0.01	0.0	91.625	3.80433	3.517905643509445	6.969268798828125	111	173.0	5.0	660.0	8.7	20.0	5.0	2.5	14.9	12.0	9
2013-09-25	-8.6441	-8.676469395608775	407.23	2.5226448277632394	1014.7333333333332	4.416666666666667	0.01	0.0	91.625	3.80433	3.517905643509445	6.969268798828125	111	173.0								11.0	9
2013-10-10	-12.8521	-10.177149712800514	130.55	2.6861156125863395	1012.5958333333332	8.491666666666667	0.01	4.6	100.0	3.27114	1.9760437648306943	3.4219770431518555	111	188.0							12.1	9.0	10
2014-04-11	-36.8	-36.8	292.34	3.1120467682679496	1012.4875	6.858333333333333	0.01	0.2	89.0	22.7862	0.0059792802459773	0.008251667022705	41	42.0								0.6	4
2014-04-11	-36.8	-36.8	292.34	3.1120467682679496	1012.4875	6.858333333333333	0.01	0.2	89.0	22.7862	0.0059792802459773	0.008251667022705	41	42.0	9.2	1500.0	12.2	61.0	28.0	4.9	3.7	0.6	4
2014-05-15	-7.4224	-5.743107086105646	568.69	2.6041689117749534	1030.1375	8.966666666666667	0.01	0.0	70.25	6.33828	1.0089669039290998	4.136823177337647	41	76.0								2.5	5
2014-05-15	-7.4224	-5.743107086105646	568.69	2.6041689117749534	1030.1375	8.966666666666667	0.01	0.0	70.25	6.33828	1.0089669039290998	4.136823177337647	41	76.0	8.9	1400.0	11.7	55.0	22.0	4.9	8.4	2.6	5
2014-07-07	-2.0765	-1.8760869973063108	757.89	2.563496013482412	1018.3125	22.1625	0.01	0.0	72.04166666666667	3.67645	1.184333078590355	14.876403331756592	41	129.0	21.0	850.0	13.2	24.0	1.0	2.2	20.6	12.0	7
2014-07-07	-2.0765	-1.8760869973063108	757.89	2.563496013482412	1018.3125	22.1625	0.01	0.0	72.04166666666667	3.67645	1.184333078590355	14.876403331756592	41	129.0								11.0	7
2014-07-29	-2.2574	-2.2156930183136314	775.99	2.3132517834504447	1009.5333333333332	24.508333333333336	0.01	0.0	67.0	2.15646	2.979835651594196	20.256685256958008	41	151.0							26.5		7
2014-07-29	-2.2574	-2.2156930183136314	775.99	2.3132517834504447	1009.5333333333332	24.508333333333336	0.01	0.0	67.0	2.15646	2.979835651594196	20.256685256958008	41	151.0								12.0	7
2014-08-20	-5.5828	-5.542525694219107	416.44	3.006575167179108	996.8958333333334	13.854166666666666	0.01	5.9	96.54166666666669	11.993	2.648934703913669	11.94282293319702	41	173.0								47.0	8
2014-08-20	-5.5828	-5.542525694219107	416.44	3.006575167179108	996.8958333333334	13.854166666666666	0.01	5.9	96.54166666666669	11.993	2.648934703913669	11.94282293319702	41	173.0	6.6	440.0	9.1	20.0	6.0	2.1	19.5	49.0	8
2014-09-23	-8.0201	-7.764334034728821	416.52	2.7714763979117074	1014.5208333333334	3.8375	0.01	0.3	86.625	10.9262	1.9696228952435213	7.476834297180176	41	207.0								14.0	9
2014-09-23	-8.0201	-7.764334034728821	416.52	2.7714763979117074	1014.5208333333334	3.8375	0.01	0.3	86.625	10.9262	1.9696228952435213	7.476834297180176	41	207.0	15.0	550.0	8.4	39.0	1.0	2.7	14.0	13.0	9
2014-10-01	-11.1786	-9.044871278472948	422.73	1.8375729421774547	1030.5083333333334	6.104166666666667	0.01	0.0	80.75	3.34185	9.361527322113918	4.706445693969727	41	215.0								9.4	10
2014-10-01	-11.1786	-9.044871278472948	422.73	1.8375729421774547	1030.5083333333334	6.104166666666667	0.01	0.0	80.75	3.34185	9.361527322113918	4.706445693969727	41	215.0							13.0		10
2015-04-08	-36.8	-36.8	431.95	3.3088106215000157	1023.575	7.6625	0.01	0.0	42.04166666666666	12.8429	0.0054216187237568	0.0031135082244873	32	42.0								0.6	4
2015-04-08	-36.8	-36.8	431.95	3.3088106215000157	1023.575	7.6625	0.01	0.0	42.04166666666666	12.8429	0.0054216187237568	0.0031135082244873	32	42.0	5.4	1200.0	12.6	49.0	29.0	4.9	4.1	0.6	4
2015-05-19	-8.5338	-8.003551518617561	442.24	2.706251800060272	1005.6416666666668	7.220833333333334	0.01	1.9	83.66666666666667	7.58113	1.3914935329030216	4.909487247467041	32	83.0	8.6	1200.0	11.2	41.0	25.0	4.6	8.9	2.4	5
2015-05-19	-8.5338	-8.003551518617561	442.24	2.706251800060272	1005.6416666666668	7.220833333333334	0.01	1.9	83.66666666666667	7.58113	1.3914935329030216	4.909487247467041	32	83.0								2.3	5
2015-07-08	-4.0641	-4.056538903512204	653.93	3.0987117489178977	995.0875	14.858333333333334	0.01	9.1	91.79166666666669	3.12884	1.4281935439454063	14.891661167144775	32	133.0								18.0	7
2015-07-08	-4.0641	-4.056538903512204	653.93	3.0987117489178977	995.0875	14.858333333333334	0.01	9.1	91.79166666666669	3.12884	1.4281935439454063	14.891661167144775	32	133.0	35.0	760.0	10.1	23.0	1.0	3.0	17.5	22.0	7
2015-08-04	-6.7726	-4.592854738961776	728.99	2.5222485065460205	1020.2916666666666	17.5	0.01	0.0	66.0	4.61274	5.505744733768179	11.548663139343262	32	160.0								8.3	8
2015-08-04	-6.7726	-4.592854738961776	728.99	2.5222485065460205	1020.2916666666666	17.5	0.01	0.0	66.0	4.61274	5.505744733768179	11.548663139343262	32	160.0			10.2				20.2		8
2015-08-12	-3.267	-3.0489404904817863	626.88	2.526588747898737	1018.8958333333334	18.3625	0.01	0.1	73.66666666666667	3.17962	4.48664906373663	14.077632904052734	32	168.0								11.0	8
2015-08-12	-3.267	-3.0489404904817863	626.88	2.526588747898737	1018.8958333333334	18.3625	0.01	0.1	73.66666666666667	3.17962	4.48664906373663	14.077632904052734	32	168.0	4.1	620.0	10.5	31.0	1.0	2.6	21.1	14.0	8
2015-09-09	-7.9547	-7.582751882615906	566.84	1.723863919576009	1027.6291666666666	10.291666666666666	0.01	0.0	80.83333333333333	3.35781	4.269678751567492	8.151493072509766	32	196.0								15.5	9
2015-09-09	-7.9547	-7.582751882615906	566.84	1.723863919576009	1027.6291666666666	10.291666666666666	0.01	0.0	80.83333333333333	3.35781	4.269678751567492	8.151493072509766	32	196.0	3.5	570.0	9.2	15.0	2.0	3.0	16.3	18.0	9
2016-07-27	-2.5892	-2.6655655875426456	751.07	2.8579706152280173	1014.9791666666666	19.366666666666667	0.01	0.0	62.708333333333336	2.66488	3.042958156717281	17.813831329345703	63	138.0								10.0	7
2016-07-27	-2.5892	-2.6655655875426456	751.07	2.8579706152280173	1014.9791666666666	19.366666666666667	0.01	0.0	62.708333333333336	2.66488	3.042958156717281	17.813831329345703	63	138.0	6.6	430.0	9.3	22.0	1.0	2.3	19.7		7
2016-08-23	-7.7906	-4.229883484914267	653.83	2.222340395053228	1020.3041666666668	17.508333333333333	0.01	0.2	77.625	2.80411	3.68737089543946	9.985740661621094	63	165.0								8.9	8
2016-08-23	-7.7906	-4.229883484914267	653.83	2.222340395053228	1020.3041666666668	17.508333333333333	0.01	0.2	77.625	2.80411	3.68737089543946	9.985740661621094	63	165.0	3.9	490.0	9.5	19.0	2.0	2.7	18.7	24.0	8
2016-09-22	-7.6696	-4.61588139429792	242.28	1.9413143793741865	1022.8666666666668	11.354166666666666	0.01	0.0	83.91666666666667	1.63151	7.71119067328276	8.441980361938477	63	195.0			9.7				15.9		9
2017-04-27	-36.8	-36.8	726.26	2.418389638264974	1009.3333333333334	3.8625	0.0095833333333333	0.15	70.04166666666667	7.20907	0.0125818187387694	0.0318765640258789	63	43.0	6.0	1040.0	12.8	42.5	21.0	3.9	5.4	7.4	4
2017-05-15	-3.5343	-3.1806421041703423	389.45	2.8051436444123587	1027.0166666666669	5.283333333333333	0.01	0.4	77.83333333333333	2.22754	0.5685198893265607	5.780420780181885	63	61.0	8.0	731.0	14.7	32.6	3.0	2.8	7.7	32.0	5
2017-07-20	-4.2609	-4.105767284306466	719.13	2.0365853706995645	1015.4416666666666	16.116666666666667	0.01	0.0	59.708333333333336	1.45679	5.977258003339476	15.048579692840576	63	127.0	19.0	254.0	9.92	18.2	1.0	0.2	19.4	29.0	7
2017-08-15	-5.4143	-5.142293932432686	594.97	2.698735187451045	1022.4458333333332	16.866666666666667	0.01	0.0	55.625	1.63766	6.799476275672803	12.471423625946043	63	153.0	76.0	219.0	9.29	37.9	7.0	0.49	19.7	13.0	8
2017-09-14	-8.7635	-7.6920135432435695	262.97	3.087901492913564	987.3708333333334	12.708333333333334	0.01	0.6	83.58333333333333	5.86697	3.3422028364425582	7.0974531173706055	63	183.0	5.0	166.0	10.24	26.6	1.0	0.79	15.7	39.0	9
2018-04-27	-36.8	-36.8	557.84	3.0750083724657693	1006.2166666666668	7.495833333333334	0.01	0.7999999999999999	77.66666666666667	21.0319	0.0066093529161279	0.008655309677124	90	16.0	32.0	1250.0	10.68	53.9	25.0	4.9	5.6	2.1	4
2018-05-14	-1.6417	-1.3180878531066256	752.9	1.932806521654129	1023.1895833333332	18.225	0.01	0.0	46.29166666666666	9.58352	0.5020299879711705	12.865602016448976	90	33.0	21.0	866.0	11.92	56.6	5.0	4.2	15.9	50.0	5
2018-07-19	-2.1814	-2.2086873942188463	782.34	2.1768026053905487	1012.6708333333332	25.141666666666666	0.01	0.0	47.29166666666666	0.853969	3.353864468191158	22.58605718612671	90	99.0	27.0	533.0	9.63	35.2	1.0	2.1	25.0	4.9	7
2018-08-21	-5.2782	-5.187451762218648	678.6	2.6451361179351807	1016.7083333333334	13.597916666666665	0.01	0.0	55.29166666666666	7.12919	3.755003945470161	12.791545867919922	90	132.0	11.0	414.0	8.64	25.4	1.0	2.2	19.1	39.0	8
2018-09-13	-7.0899	-6.923231487069418	536.14	3.35681160291036	1011.21875	13.03125	0.01	0.0	64.41666666666667	4.43895	1.821001998245411	9.04283857345581	90	155.0	11.0	401.0	8.49	26.4	1.0	2.6	17.0	32.0	9
2019-04-23	-0.55	-36.8	654.52	2.679519464572271	1026.3875	12.870833333333332	0.01	0.0	49.708333333333336	8.05313	0.0374295663550423	0.0489876270294189	65	29.0	7.0	1700.0	13.0	41.5	25.0	4.8	5.1	2.3	4
2019-05-22	-2.1466	-1.5492350433243645	744.26	2.69283131758372	1011.0583333333334	17.491666666666667	0.01	0.0	65.625	2.59891	0.4983529516926039	12.926991939544678	65	58.0	7.0	1520.0	13.01	32.6	8.0	4.2	12.2	15.0	5
2019-08-12	-4.2095	-4.192556758637649	483.14	3.420833926451833	1006.278947368421	18.20526315789473	0.01	3.5000000000000004	80.04166666666667	6.56298	2.4172718064375767	13.240931510925291	65	140.0	24.0	824.0	9.07	15.7	1.0	1.8	19.1	6.2	8
