Date	chl-a	NH4N	NO3N	PO4P	SiO2	TOC	TOTN	TOTP	O2	AirP	AirT	RelHum	SWR	CC	Prec	U	delT	inflow(m3/s)	outflow(m3/s)	Ice_d	days from iceoff	W	MLD	thermD	MM
2005-04-18	7.1		855.0	7.0	2.8	8.2	1230.0	29.0	13.0	1001.916	7.345165	56.60121700369721	24.86891	0.7343862	2.387157	2.5439679188327045	1.0926985	4.4425065	0.9688889	142.0	7.0	7.4847242012196915	16.2214	16.2214	4
2005-04-25	7.0		805.0	6.0	3.11	8.0	1210.0	27.0	9.0	1008.969	9.379642	48.7786344507107	65.80363	0.3729088	0.0	1.0335439345889812	3.681534	2.9255780000000002	0.8474074	142.0	14.0		7.456	7.7594	4
2005-05-04	8.2		765.0	7.0	2.863	7.7	1115.0	28.0		996.4357	9.589297	77.66095231115658	58.09535	0.6061801	0.05526595	0.06622964808816442	4.042150499999999	2.3533915	1.380741	142.0	23.0		10.3494	10.7642	5
2005-05-09	10.0		730.0	6.0	2.663	7.8	1060.0	29.0		993.7791	6.769626	76.19060139290416	99.09727	0.8767501	0.0008127115	1.9091604508841051	4.4009979999999995	2.0937905	1.768889	142.0	28.0	64.71506512021065	11.2924	11.7656	5
2005-05-16	11.0							25.0	9.5	991.3337	5.818049	78.97984184756629	54.45151	0.8963503	2.015455	4.026045347469759	5.580204999999999	1.577707	1.70963	142.0	35.0		10.9041	11.3883	5
2005-05-23	14.0		655.0	5.0	1.989	7.4	1050.0	28.0		1001.553	13.18946	76.75802362331491	54.56624	0.6038659	1.53	2.3713583278384496	4.3988879999999995	12.4832145	11.31852	142.0	42.0		15.9362	16.3768	5
2005-05-30	13.0							29.0		1001.428	11.52579	73.32391509516862	139.8741	0.6911787	0.02457742	0.7386665336483044	4.570877500000002	10.065168499999999	5.259259	142.0	49.0		16.9159	17.6766	5
2005-06-07	16.0		565.0	5.0	0.497	7.6	960.0	24.0		1015.035	11.08012	46.513200172501584	92.92387	0.3848727	0.2195779	2.0823900685147825	0.6942225000000022	7.092014499999999	3.92	142.0	57.0	82.83222342518079	13.2233	13.2233	6
2005-06-13	20.0			7.0				32.0		995.155	11.48621	84.81958396598075	175.88	0.9200023	0.0	2.6972047931784657	2.3677899999999994	13.614563	11.25037	142.0	63.0	11.827140475214009	9.918	10.2568	6
2005-06-21	22.0		410.0	5.0	0.014	7.5	960.0	31.0		999.9694	16.73261	78.92315769136346	10.78207	0.7909843	0.129535	3.601696695796102	6.006682499999998	4.7404255	3.76	142.0	71.0		6.8115	7.3248	6
2005-06-27	24.0			3.0				18.0		999.1346	16.79259	48.54196723765536	8.558971	0.3689837	0.4917973	3.1095665551169684	6.810987499999998	1.914255	1.2	142.0	77.0	20.74930751152091	8.7701	9.2508	6
2005-07-04	31.0		60.0	4.0	0.332	7.4	740.0	34.0		1004.769	20.01304	64.76785342737666	20.77313	0.7250966	0.0003345093	2.701338634868461	8.626545	1.630456	1.668148	142.0	84.0	45.862768328356005	9.3815	10.6856	7
2005-07-11	20.0			3.0			605.0	31.0	6.1	1016.707	23.8355	41.989360821002926	24.17931	0.03327011	0.8603432	0.6966103180697584	12.8238925	1.2397930000000001	0.8651852	142.0	91.0	35.567760275798804	1.7334	2.265	7
2005-07-18	25.0			7.0	0.703	7.2	635.0	38.0	7.0	995.6844	19.73081	65.46047693622361	26.97036	0.2948134	4.670365	0.13022329239018993	8.12453	1.2574765	0.9214814	142.0	98.0		8.8042	9.3125	7
2005-07-25	22.0			6.0	0.845	6.9	520.0	38.0	7.3	989.2765	14.85525	77.31374388361363	28.98576	0.6716651	0.2404263	2.862880113676486	6.299752500000002	1.2688973	1.318519	142.0	105.0		9.9811	10.7749	7
2005-08-01	28.0			6.0	0.946	7.1	575.0	41.0	7.7	997.7214	16.40213	82.40676326635463	36.64338	0.6937039	0.5140907	0.5419181987109124	5.12354	2.0636556	3.493333	142.0	112.0		10.841	11.3247	8
2005-08-09	30.0			4.0				34.0		996.4589	15.1524	81.6987614208089	59.62002	0.730363	0.0278442	3.4794580794590253	2.613695	7.082783699999999	6.586667	142.0	120.0	640.4752164950219	14.8981	15.347000000000001	8
2005-08-15	24.0			4.0	1.16	7.4	580.0	32.0	9.0	1002.598	16.87514	77.35167000444513	73.40472	0.7276552	0.09868106	2.984967157343752	3.0545149999999985	2.7719455	1.792593	142.0	126.0	371.2737254078099	14.8459	15.3727	8
2005-08-22	19.0			3.0				26.0	7.8	1004.247	18.33764	80.19538253895395	42.39486	0.5303444	0.5810934	2.922585540110845	4.6190774999999995	1.5242629	0.7881481	142.0	133.0	298.56985615401607	3.1671	3.7177	8
2005-08-30	27.0		12.0	8.0	1.44	6.9	690.0	57.0		1009.211	14.92699	57.432823978474666	55.50429	0.4170143	0.8302718	3.270010990171287	0.015902499999999264	2.9761755	0.5955555	142.0	141.0	0.21130261784814125	19.0	19.0	8
2005-09-04	28.0			5.0				41.0		1014.659	13.92288	78.59607789580257	153.8604	0.8088862	0.01171719	3.2524760008676834	0.351442500000001	2.9549294	0.4681482	142.0	146.0	72.88873716516692	19.0	19.0	9
2005-09-13	24.0		6.0	9.0	1.491	6.9	660.0	36.0		1004.417	11.36819	82.12166809554482	31.43838	0.9123246	8.828609	2.9091058826089933	0.0005324999999984925	1.5131872	0.9985185	142.0	155.0	0.06608532717084338	19.0	19.0	9
2005-09-19	24.0			8.0				39.0		1007.522	14.7503	75.53365223759917	177.7697	0.4757137	0.01674219	4.49448153662611	0.4649024999999991	1.3943527	0.554074	142.0	161.0	0.003718635900327101	0.75	0.75	9
2005-09-27	20.0		125.0	8.0	1.48	6.8	640.0	37.0		996.7983	13.76144	87.49745406801611	15.28736	0.9005939	0.0002818595	5.8460038093025295	0.12270750000000064	0.9973601	1.164444	142.0	169.0	93.96659531269488	19.0	19.0	9
2005-10-03	19.0			5.0				35.0		1010.517	11.31884	76.36885643873909	13.15937	0.2556748	0.254131	2.7477969060503726	0.023942499999998645	5.22718	0.3585185	142.0	175.0	0.38039432166096837	19.0	19.0	10
2005-10-10	5.6		290.0	8.0	1.56	7.0	795.0	36.0		1010.164	12.41041	80.74700020108257	21.6285	0.7367902	0.001345306	5.104755454974557	0.005584999999999951	2.6756135	1.031111	142.0	182.0	0.385315286784981	19.0	19.0	10
2006-05-02	4.7	11.0	930.0	10.0	4.21	7.6	1220.0	31.0	12.9	1003.874	7.188547	83.65443472362702	9.450682	0.8519417	0.6488528	0.9613048472461688	0.18645200000000095	24.146696	13.74815	134.0	2.0	4.532065225535109	19.0	19.0	5
2006-05-08	3.8	15.0	885.0	7.0	4.246	7.8	1180.0	26.0	13.7	1018.455	17.02623	47.88883662096024	25.4257	0.04417079	0.2217139	2.403264166603713	8.9757705	9.485719	4.394074	134.0	8.0	4.306022577416052	2.2847	3.0789999999999997	5
2006-05-15	10.0	6.0	735.0	8.0	3.871	7.8	1260.0	26.0	11.0	1005.319	7.96607	48.417632371206295	38.97016	0.3185643	0.01431943	0.3417456331662191	9.041051500000002	5.295571	2.571852	134.0	15.0	187.7247257640822	4.276	4.7722	5
2006-05-22	8.2	30.0	820.0	5.0	3.745	7.7	1285.0	27.0		985.5048	10.5821	86.33405791690981	53.43448	0.8634128	0.03161003	3.770639798882015	6.163150000000001	23.3429275	15.55259	134.0	22.0	26.390228584625582	6.2989	6.7511	5
2006-05-29	11.0	8.0	925.0	5.0	3.386	8.0	1470.0	23.0	11.6	990.6885	11.71236	64.24326308301146	14.65018	0.4729284	4.924572	1.9210505666312385	8.0400965	18.745542	12.68148	134.0	29.0		8.2804	9.2102	5
2006-06-06	15.0	8.0	810.0	6.0	2.939	7.7	1060.0	25.0	11.0	1013.145	13.34428	50.05697335163386	60.01448	0.3100139	0.02161342	0.35697048745645626	9.529962499999996	4.738856	2.894815	134.0	37.0		9.2953	9.8366	6
2006-06-12	22.0	10.0	650.0	7.0	1.88	7.7	1175.0	33.0	11.4	1012.504	20.27849	55.79114676099015	90.87467	0.009284384	0.0	3.362126053420825	12.037455000000001	3.506591	2.340741	134.0	43.0	776.6724250143247	8.7681	9.397	6
2006-06-19	27.0	34.0	528.0	6.0	1.41		1090.0	19.0	10.0	998.6377	17.6439	82.70517912350043	21.90006	0.8609315	20.99991	4.097874700283184	12.900780500000002	3.0517545	3.41037	134.0	50.0		9.7632	10.2754	6
2006-06-27	32.0	5.0	435.0	6.0	0.917	7.2	1110.0	36.0		999.9424	12.34945	91.20199295863594	54.56624	1.000007	1.53	3.448251393489987	9.829257000000002	3.9747559999999997	7.007407	134.0	58.0		11.2628	12.1913	6
2006-07-03	36.0	7.0	265.0	8.0	0.505		910.0	35.0	13.1	1012.822	19.70605	60.61869954896526	95.52922	0.7281861	0.9880626	3.22065692948489	13.781218999999998	2.2888125	1.644444	134.0	64.0	101.7585258024084	3.7799	4.2539	7
2006-07-11	36.0	8.0	115.0	10.0	0.649	6.9	770.0	36.0		1004.302	15.72175	80.66858444861066	38.81872	0.720724	4.945038	3.7061741173708556	11.761382000000001	2.340303	3.531852	134.0	72.0	456.6909569020251	9.3054	9.7581	7
2006-07-17	41.0	9.0	22.0	9.0	0.753		850.0	40.0		1007.965	20.36289	55.5583660857404	193.4123	0.6600291	0.0	3.010392579802508	11.899769000000003	1.7133300000000002	1.297778	134.0	78.0	188.1486887627185	11.376	12.3107	7
2006-07-24	31.0	5.0		10.0	0.979	7.2	600.0	38.0		1004.534	20.71899	72.7370586433844	15.28736	0.722945	0.0002818595	1.1093081164071998	14.7647085	1.4983935	1.285926	134.0	85.0		10.6199	12.3068	7
2006-07-31	34.0	10.0		5.0	1.112		610.0	34.0		994.9458	18.27884	90.4508462113176	9.921429	0.9663224	0.2349592	2.008954608073933	14.457644499999999	1.9824745	5.131852	134.0	92.0	209.38266722203673	4.8007	5.2666	7
2006-08-07	47.0	11.0		4.0	1.309	7.3	710.0	47.0	9.2	1000.593	19.72209	67.6176845844463	21.5998	0.4998094	0.003702809	1.8422244505949863	13.4219375	1.2777575	1.413333	134.0	99.0		8.222000000000001	12.2868	8
2006-08-14	37.0	24.0		7.0	1.525	7.2	670.0	39.0	7.1	993.6887	16.85318	88.31381787963599	7.180894	0.9597179	6.176885	3.190682400957043	9.647087500000001	1.6977985	3.792593	134.0	106.0	132.1977369614996	11.8395	12.7345	8
2006-08-21	46.0	6.0		4.0	1.566	6.9	640.0	38.0	8.6	998.6072	17.33542	83.55529663585901	18.34156	0.9832764	4.772391	1.091616279339265	8.8667175	1.5565845	1.688889	134.0	113.0		11.8918	13.2553	8
2006-08-29	40.0	23.0		5.0	2.191	6.9	740.0	39.0		984.4089	14.48018	79.17749198417678	28.98576	0.5731592	0.2404263	3.5966060206347668	6.7351075	8.8590005	9.475555	134.0	121.0	976.0269857790393	13.7356	14.2664	8
2006-09-04	57.0	13.0		7.0	2.4	6.9	730.0	18.0	8.5	987.1769	15.62269	57.41478536266014	21.39434	0.1536663	5.997994	3.762802208574308	5.577205000000001	17.821434500000002	14.31407	134.0	127.0	43.07150423790959	14.7887	15.2625	9
2006-09-11	38.0	11.0	5.0	7.0	2.175		600.0	43.0	9.3	1011.706	14.31919	85.9566177076292	35.20204	0.7940965	0.2002523	3.719222563072811	4.368617500000001	5.162973	3.259259	134.0	134.0	577.7725977113564	15.225999999999999	16.1657	9
2006-09-18		22.0	43.0	7.0	2.18		700.0	40.0		999.6037	14.89324	87.4477094651866	91.70425	0.8636118	0.005195167	0.713794381166441	3.7619000000000007	2.3900325000000002	1.072593	134.0	141.0		15.251	16.1556	9
2006-09-25	35.0	14.0		14.0	1.755		640.0	42.0	9.1	1004.972	15.9978	83.52292043611658	81.26809	0.699483	0.01722858	2.273431489380371	0.15510249999999992	1.7030268	1.140741	134.0	148.0	3.3111553442363064	19.0	19.0	9
2006-10-03	32.0	1.0		15.0	2.0		730.0	47.0	9.4	983.5294	12.4162	92.78697026105897	52.34313	0.9242163	0.9351889	0.9444458094080465	0.0014500000000001734	9.466130999999999	3.745185	134.0	156.0	0.5486610920456093	19.0	19.0	10
2006-10-09	26.0			15.0				46.0	10.0	1004.686	10.02182	86.79607129497941	153.8604	0.7800575	0.01171719	2.043430140271375	0.005097499999999755	21.546228	7.961482	134.0	162.0	218.7212168523647	19.0	19.0	10
2007-04-11		6.0	945.0	16.0	4.555	8.0	1220.0			1000.081	9.617458	45.53570958727516	101.5531	0.121071	0.009475022	2.948749866254946	0.04317100000000007	4.982635	2.186667	73.0	6.0	0.1033938322840468	19.0	19.0	4
2007-04-16	8.9	6.0	835.0	13.0	4.41		1300.0	35.0	11.6	1007.153	10.58431	69.41054343188675	54.45151	0.575972	2.015455	2.197118313198677	3.3035267499999996	3.6052494999999998	1.62963	73.0	11.0	4.402540926152494	5.4161	5.7714	4
2007-04-23	7.3	15.0	855.0	10.0	4.26	7.8	1300.0	33.0	12.4	1002.91	9.5729	85.15303705840594	54.56624	0.6807182	1.53	1.6305541541746627	0.23670599999999986	7.0698315	3.52	73.0	18.0	50.93708433895984	19.0	19.0	4
2007-05-02	8.4	16.0	785.0	10.0	3.719		1300.0	30.0		1005.451	13.45124	42.81403013390989	169.0621	0.04254188	0.0	1.8121838077746144	5.319241999999999	3.7036875000000005	1.238518	73.0	27.0		5.3807	5.8169	5
2007-05-07	12.0	14.0	735.0	10.0	3.465	7.7	1300.0	28.0		984.9071	10.32577	70.02036739553702	38.81872	0.5982627	4.945038	4.594072806491534	4.833316	3.4619899999999997	1.952593	73.0	32.0	17.68603140326565	9.804	10.2561	5
2007-05-15	12.0	20.0	685.0	14.0	3.03		1100.0	40.0		989.7809	9.343298	48.596636500051	198.0819	0.1518681	0.004374658	4.117209379487797	3.844960499999999	11.399613	6.468148	73.0	40.0	11.387013019098426	12.8117	13.2507	5
2007-05-22	13.0	28.0	685.0	10.0	2.349	7.5	1200.0	39.0		1002.1	11.68893	65.1354503724392	10.78207	0.5539381	0.129535	2.536848703851493	0.7107274999999991	4.126491	2.05037	73.0	47.0	6.1472170548366885	7.7864	7.7864	5
2007-05-29	14.0	27.0	605.0	10.0	1.699		1200.0	34.0	11.6	997.0361	13.53021	74.76459798766807	10.42038	0.9976072	0.3562398	4.450828408341643	0.057692499999999924	7.74567	5.84	73.0	54.0	1.1091493513035404	19.0	19.0	5
2007-06-04	17.0	22.0	600.0	11.0	1.163	7.0	1100.0	30.0	12.0	1016.918	17.30949	52.593918684641366	20.77313	0.2347061	0.0003345093	0.880318513075154	3.6242824999999996	18.8301735	12.16889	73.0	60.0	0.4136511179825334	0.81505	1.568	6
2007-06-11	17.0	13.0	495.0	7.0	1.275	7.3	1100.0	30.0	9.1	999.5702	22.4173	50.3483931639958	24.17931	0.2650426	0.8603432	0.45238479744249804	11.632854999999998	4.441794	1.380741	73.0	67.0	34.58603815536261	1.2782	1.9213	6
2007-06-18	20.0	5.0	405.0	6.0	1.189		950.0	30.0	9.7	996.4944	15.18336	65.13884631845183	26.97036	0.6434255	4.670365	0.7280608696770345	4.621525	2.710182	2.625185	73.0	74.0	101.2621468337645	4.8341	5.5478	6
2007-06-25	24.0	4.0	290.0	7.0	1.027	7.2	930.0	32.0	10.8	993.0486	16.49064	75.46982559849906	28.98576	0.6170158	0.2404263	0.5541840040357467	4.876445	13.731921999999999	9.863704	73.0	81.0		6.8045	7.3245	6
2007-07-02	23.2	9.0	270.0	8.0	0.892		960.0	34.0	10.05	998.533	16.54755	78.52349076965217	36.64338	0.966429	0.5140907	1.8252800336131354	5.549480000000001	12.151633	10.02667	73.0	88.0	28.34078165160942	7.7602	8.2951	7
2007-07-09	22.0	12.0	310.0	10.0	1.02	7.5	860.0	33.0	12.09	992.6166	14.5585	91.21207248359806	60.15926	0.9912655	0.01925739	0.17623891536732175	4.4829824999999985	60.5576305	25.98222	73.0	95.0		8.0005	9.2506	7
2007-07-16	26.0	11.0	445.0	10.0	1.61		1020.0	35.0	11.53	1002.914	17.89745	62.877936472239554	73.40472	0.6859903	0.09868106	0.7159545269130226	4.924314999999998	20.264043	13.87556	73.0	102.0	709.6126734354845	9.8417	10.6279	7
2007-07-23	22.0	7.0	600.0	7.0	2.0	8.7	1200.0	30.0	9.26	992.9288	15.29462	88.83756430422478	42.39486	0.9947675	0.5810934	2.244488607065093	4.745452499999999	12.9877315	9.674074	73.0	109.0		10.7786	11.4949	7
2007-08-01	25.0	3.0	540.0	6.0	1.57		1000.0	32.0	9.6	995.9767	16.55707	73.75081082670688	54.56624	0.6855664	1.53	2.6080914719867474	4.314437500000002	6.619718	5.108148	73.0	118.0	143.88518708496088	11.8669	12.8994	8
2007-08-07	24.0	15.0	510.0	7.0	1.378	8.6	1100.0	33.0		1005.776	21.11167	66.23306844180698	95.52922	0.5062805	0.9880626	1.16284661505518	5.563425000000002	3.679419	2.402963	73.0	124.0	0.746635697840001	0.5	1.4946	8
2007-08-13	25.0	29.0	390.0	6.0	1.26		700.0	28.0	9.5	993.852	17.47996	79.87192103905662	85.56023	0.4724055	0.1279926	4.312200352854792	4.772915000000001	11.284788500000001	7.256296	73.0	130.0	23.99623576680218	4.3562	4.7915	8
2007-08-20	22.0	27.0	460.0	8.0	1.465	8.7	900.0	37.0	10.97	1004.262	16.63629	75.79414421020873	177.7697	0.8549656	0.01674219	2.8932924673794456	0.002494999999999692	8.334451	6.124444	73.0	137.0	0.03039264513895248	19.0	19.0	8
2007-08-27	26.0	6.0	455.0	5.0	1.224		1000.0	31.0	13.9	998.7128	12.16274	56.19133814384955	9.105542	0.6332694	0.9712255	3.0870151671376673	0.7420000000000009	3.3751455	2.026667	73.0	144.0	7.450554747864354	10.5355	10.7669	8
2007-09-03	19.0	27.0	435.0	9.0	1.288	8.8	900.0	34.0	11.3	989.072	11.38003	50.48153938725003	13.15937	0.2407168	0.254131	3.8347853757100934	0.001274999999999693	2.5052885000000003	1.765926	73.0	151.0	0.025541454005008558	19.0	19.0	9
2007-09-10	19.0	12.0	440.0	7.0	1.175		900.0	36.0	9.1	989.1144	11.95273	87.1533734742468	21.6285	0.7550721	0.001345306	3.2857519065549377	0.28291249999999835	2.4472750000000003	3.28	73.0	158.0	850.4070183989476	19.0	19.0	9
2007-09-20	15.0	9.0	395.0	8.0	1.15	8.2	900.0	31.0	10.3	993.8568	9.85338	85.39273601938876	25.4257	0.8665878	0.2217139	3.4747712909780124	0.008082500000000437	2.309269	1.813333	73.0	168.0	0.22046644437880822	19.0	19.0	9
2007-09-24	13.0	27.0	410.0	7.0	1.13		870.0	29.0	15.6	997.3909	15.14003	85.38380610663752	34.06894	0.9590232	0.004143722	5.735214220611315	0.01302500000000073	2.104582	2.675555	73.0	172.0	13.861888361671145	19.0	19.0	9
2007-10-01	10.0	32.0	435.0	10.0	1.045	8.1	900.0	29.0	12.7	1008.067	11.21677	88.11133024398258	49.54233	0.7171144	0.0004946836	1.04356429254986	0.0997722500000009	13.675515	7.102222	73.0	179.0	13.287747752872882	19.0	19.0	10
2007-10-08	10.0	38.0	460.0	8.0	0.987		850.0	28.0		1006.878	7.699646	59.110327009718674	33.73591	0.2054348	0.3751238	2.383452473749791	0.006047999999999831	2.316041	1.096296	73.0	186.0	0.11312661357289015	19.0	19.0	10
2007-10-16	10.0	30.0	460.0	12.0	0.961	8.4	1000.0	31.0		992.1328	12.07657	80.4531197756433	35.20204	0.5307975	0.2002523	5.018539156867464	0.009827500000000988	1.9928899999999998	1.259259	73.0	194.0	0.07661079097952826	19.0	19.0	10
2008-04-17	4.9	6.0	825.0	16.0	3.905	8.3	1200.0	42.0		1008.893	6.117918	53.22159349996978	47.85494	0.3380904	0.0003290945	3.534618584356309	0.07567449999999987	18.6051405	10.57778	36.0	89.0	0.7722679060167533	19.0	19.0	4
2008-04-21	6.4	3.0	815.0	17.0	3.6		1200.0	46.0		1007.019	9.03176	54.63856662821547	53.43448	0.002162777	0.03161003	1.472615466478388	2.0218367499999994	10.837636999999999	5.925926	36.0	93.0	8.121813074833836	6.1498	6.1498	4
2008-04-28	7.1	11.0	865.0	22.0	3.62	8.2	1200.0	66.0		999.4537	13.56456	65.3489256820918	14.65018	0.9535384	4.924572	3.6167347199739437	3.8343665	6.4644265	3.143704	36.0	100.0	19.1694641770701	10.8842	11.2738	4
2008-05-05	8.1	8.0	795.0	19.0	3.265		1100.0	39.0	11.03	1018.245	12.76766	58.55727535520689	59.62002	0.6721492	0.0278442	0.6190185507240958	6.712944000000001	6.495707	3.902222	36.0	107.0	79.97596647641791	3.4499	3.8656	5
2008-05-13	8.7	13.0	735.0	15.0	3.23	8.0	1200.0	43.0	11.0	1011.877	10.67226	48.86234573158527	99.09727	0.5912032	0.0008127115	1.3286063540460582	9.557759	3.7618869999999998	2.115556	36.0	115.0	62.16791820420616	4.3549	5.19	5
2008-05-23	11.0	10.0	640.0	18.0	2.83		1100.0	47.0		1010.008	11.87109	57.09556812170571	61.69335	0.2161326	0.2804425	0.54695879263631	8.330795	3.149314	1.917037	36.0	125.0	176.24003413361382	5.25	5.7377	5
2008-05-26	11.0	14.0	570.0	12.0	2.675	7.9	1090.0	35.0	10.1	1010.326	13.41279	49.210591728212876	55.50429	0.3552393	0.8302718	1.9462741318888868	8.979832000000002	3.0906605	1.715556	36.0	128.0		5.7885	6.3688	5
2008-06-02	11.0	19.0	565.0	9.0	1.836		1090.0	39.0	8.27	1007.202	20.77695	34.332063968486	95.52922	2.641792e-05	0.9880626	0.21519391049107522	15.258600000000001	2.3384745	1.466667	36.0	135.0	118.44867036580426	1.3422	2.7407	6
2008-06-09	20.0	8.0	430.0	7.0	1.301	8.3	900.0	29.0	8.9	1003.371	18.67668	38.09721401847095	31.43838	0.6337259	8.828609	2.886890920551625	13.902790000000001	1.934286	1.291852	36.0	142.0	7.4871168402161015	4.2709	4.7675	6
2008-06-16	17.0	14.0	395.0	8.0	0.966		900.0	32.0	9.88	993.5465	11.92906	73.76836247437245	193.4123	0.7796658	0.0	1.169824314868767	8.9565315	1.9534189999999998	2.758519	36.0	149.0	127.92626606252288	8.0677	8.7603	6
2008-06-23	17.0	15.0	325.0	5.0	0.528	7.6	800.0	32.0	7.8	986.044	15.34641	73.94352970957637	15.28736	0.6767129	0.0002818595	2.9590398116027434	6.569556	1.9158244999999998	3.179259	36.0	156.0	107.75901561740835	12.7863	13.2577	6
2008-06-30	17.0	6.0	250.0	6.0	0.155		800.0	30.0	5.7	997.1787	17.45332	54.34669061458449	9.921429	0.6665244	0.2349592	3.032969373261952	8.400920000000001	1.7247154999999998	0.9748148	36.0	163.0	102.44880685963551	12.4866	13.6011	6
2008-07-07	18.0	83.0	165.0	3.0	0.084	6.4	620.0	31.0		993.4702	12.58713	79.19407807650651	21.5998	0.9908041	0.003702809	4.55234277855904	8.581452500000001	10.5640785	4.838518	36.0	170.0	25.064667338064005	12.0721	13.5912	7
2008-07-15	22.0	20.0	115.0	7.1	0.103		600.0	33.0		997.3835	17.78572	63.06799878349653	24.17931	0.6567923	0.8603432	4.564360747606284	8.509197499999999	3.0373655000000004	0.8651852	36.0	178.0	49.45399003351837	10.8349	11.308	7
2008-07-21	18.0	24.0	90.0	4.0	0.158	7.3	600.0	32.0	10.2	998.4445	16.82134	77.3082684936452	18.34156	0.700222	4.772391	0.9587491102396549	7.538275000000002	7.362201499999999	3.982222	36.0	184.0		12.9596	13.7473	7
2008-07-28	35.0	17.0	45.0	5.0	0.172		600.0	39.0	11.6	1011.119	24.12976	41.14157357173251	36.4592	0.005638284	0.1330929	2.078997895811732	13.0620525	1.9050775	0.5333334	36.0	191.0	3.148933892735491	0.77171	1.2887	7
2008-08-04	23.0	22.0	34.0	7.0	0.205	7.5	800.0	37.0	9.7	989.0704	15.65558	80.18842932588014	21.39434	0.8811976	5.997994	3.2486798983602556	8.978349999999997	1.756495	2.219259	36.0	198.0	18.22133400413658	4.3134	4.7627	8
2008-08-11	20.0	66.0	41.0	9.0	0.422		600.0	32.0	8.84	983.976	16.1066	77.7362259257281	35.20204	0.6832858	0.2002523	4.332716495365235	5.140810000000002	1.6804415000000001	1.546667	36.0	205.0	165.07932575339163	14.3055	14.7828	8
2008-08-18	21.0	27.0	82.0	7.0	0.548	7.9	600.0	34.0	10.9	994.6895	14.26314	75.35223254092878	91.70425	0.7229565	0.005195167	1.5329354622064169	4.8414874999999995	5.3202995	1.765926	36.0	212.0	467.9431964438453	14.8309	15.835999999999999	8
2008-08-25	20.0	4.0	105.0	5.0	0.54		600.0	28.0	10.2	1001.307	14.8474	72.01200100079589	81.26809	0.4739259	0.01722858	2.418171049536951	4.519164999999999	8.2625365	2.622222	36.0	219.0		14.6161	16.160999999999998	8
2008-09-01	19.0	13.0	175.0	4.0	0.646	8.1	600.0	29.0	9.7	1002.796	15.37782	75.83406958823193	44.20342	0.8204449	1.109824	1.6633552687343856	3.0010749999999984	3.2299999999999995	1.274074	36.0	226.0	442.65789392230687	15.5669	16.2704	9
2008-09-08	17.0	45.0	215.0	9.0	0.875		700.0	29.0	10.2	1002.542	13.08833	92.65506857727662	153.8604	0.9993353	0.01171719	3.3909364604853627	0.011882500000000462	11.9594735	5.967407	36.0	233.0	0.12144501625025594	19.0	19.0	9
2008-09-15	9.1	63.0	270.0	8.0	1.054	8.0	730.0	27.0	9.9	1022.022	9.260168	74.66268136273963	138.9083	0.89237	0.01417301	1.687159047157084	0.030905000000002403	4.533645	1.825185	36.0	240.0	1.4575997556918692	19.0	19.0	9
2008-09-22	11.0	48.0	335.0	5.0	1.147		800.0	23.0	11.7	1016.111	10.21485	81.42507520766819	117.267	0.5911294	0.05070828	0.8137212413616409	0.5291250000000005	2.510323	0.6311111	36.0	247.0	0.5843958459134418	2.7159	2.7159	9
2008-09-29	10.0	34.0	345.0	8.0	1.173	7.8	800.0	25.0	10.9	993.1187	7.680197	68.62507478760494	209.0685	0.2552599	0.002586096	1.2598509433761163	0.025924999999999088	1.6781505	0.5066667	36.0	254.0	1.9710552511446688	19.0	19.0	9
2008-10-06	8.3	44.0	385.0	9.0	1.359		800.0	32.0	9.7	995.6179	7.614459	74.379776703531	14.60875	0.2379283	0.13561	1.9967442269565125	0.010336249999999936	36.790946	6.933333	36.0	261.0	0.12034290808838878	19.0	19.0	10
2008-10-13	9.1	19.0	435.0	8.0	1.77	8.6	900.0	29.0	8.7	995.3174	10.90533	80.11336260488653	20.64251	0.5988761	0.0	4.440377286712583	0.004305749999998554	11.3430785	3.484444	36.0	268.0	0.026881851109018088	19.0	19.0	10
2008-11-27	2.2						1140.0	44.0		981.6412	8.75608	75.72897274993525	73.40472	0.741969	0.09868106	6.943230165423655	0.036522349999999995	7.7270275	3.522963	36.0	313.0	0.17123835514654098	19.0	19.0	11
2009-04-27	8.1	8.0	690.0	13.0	4.316	8.0	1000.0	31.0	12.9	991.0096	11.92215	74.88054757796289	8.558971	0.8928154	0.4917973	1.4656214388425	5.642178	6.6448155	2.53037	129.0	10.0	177.38502473977118	11.008	11.5372	4
2009-05-04	9.2	3.0	435.0	10.0	4.18		900.0	31.0	13.1	998.9095	10.75463	51.92294871041901	20.77313	0.6239555	0.0003345093	2.331636439099372	7.889997999999999	4.551483	1.558519	129.0	17.0	36.167106193268275	9.25	9.7447	5
2009-05-11	6.6	15.0	445.0	8.0	4.004	7.6	1200.0	34.0	13.6	1011.052	9.276025	48.8801018820074	24.17931	0.2904956	0.8603432	3.383197732826528	6.6312204999999995	3.493066	1.733333	129.0	24.0		14.884	15.6357	5
2009-05-15	13.0	3.0	490.0	8.0	3.473		900.0	15.0		1009.707	11.48426	39.13483056476243	30.39912	0.09860104	0.09637747	3.142811631108839	8.136721999999999	2.8485265	1.514074	129.0	28.0	78.83365771533778	14.8255	15.5555	5
2009-05-25	14.0	3.0	420.0	6.0	2.818	7.3	900.0	28.0	12.0	1003.201	14.85374	64.04454230316678	28.98576	0.2962282	0.2404263	2.0951305964946525	9.113377500000002	2.3266625000000003	1.271111	129.0	38.0	407.85418133157424	7.25	7.7287	5
2009-06-08	16.0		300.0	6.0	1.181		800.0	35.0	8.6	1000.338	11.73216	53.632626483946254	60.15926	0.8994393	0.01925739	2.162781602469607	7.7909285	1.4995935	1.034074	129.0	52.0	194.35728086901617	12.7234	13.3251	6
2009-06-15	17.0	5.0	230.0	8.0	0.422		700.0	30.0	8.2	998.6502	13.63324	44.02952781258305	73.40472	0.8843762	0.09868106	1.7018224355322737	7.245205	1.308246	0.7881481	129.0	59.0	525.879634501249	13.5683	14.6226	6
2009-06-22	28.0	2.0	130.0	8.0	0.02	7.4	670.0	35.0	11.2	1013.386	15.92463	60.527028700968295	42.39486	0.3409889	0.5810934	2.9391889228265424	8.341280000000001	1.655772	1.632593	129.0	66.0	432.27795790022435	5.25	5.7467	6
2009-06-29	22.0	6.0	39.0	5.0	0.005	7.6	630.0	25.0	9.1	1011.254	24.90054	38.66632193329553	52.34313	0.8833905	0.9351889	1.5268948886306615	15.10532	1.014512	0.6133333	129.0	73.0	6.950420187522271	1.1172	1.7663	6
2009-07-06	16.0							30.0	8.0	991.6819	15.70332	83.06581849049775	123.2606	0.9949399	0.07120956	2.584049503923839	10.91558	1.3956104999999999	3.125926	129.0	80.0	12.533067945083973	4.3064	4.789	7
2009-07-13	16.0	30.0	27.0	8.0	0.199	7.1	420.0	31.0	12.7	997.1133	15.83687	80.65097416891963	85.56023	0.7306861	0.1279926	1.997738049371088	5.996175000000003	8.849167499999998	9.475555	129.0	87.0	388.2350398317263	12.5865	14.9349	7
2009-07-20	23.0	4.0	10.0	4.0	0.127		500.0	28.0	9.6	989.5408	17.05961	70.7804201902641	177.7697	0.9534781	0.01674219	3.1184372654547663	6.286597499999997	7.266516	7.952593	129.0	94.0	97.20138696716047	12.1984	14.9355	7
2009-07-27		27.0	3.0	5.0	0.238		500.0		7.4	995.5159	15.50868	82.27603507938035	9.105542	0.9783071	0.9712255	3.8866093629520075	5.723627500000001	3.8033238	4.074074	129.0	101.0		12.8835	13.6747	7
2009-08-03	21.0	5.0	1.0	5.0	0.375	6.9	700.0	31.0	7.1	1003.891	15.78017	92.50507139947486	13.15937	1.000003	0.254131	2.91106107490054	3.669410000000001	16.143862	15.47852	129.0	108.0	60.40844851456855	15.8799	16.6854	8
2009-08-10	28.0	3.0	3.0	5.0	0.524		700.0	33.0	7.7	1002.374	16.71191	89.36946102645106	21.6285	0.926863	0.001345306	2.6003194667718366	6.45495	14.851691	10.56593	129.0	115.0		1.8289	2.3524	8
2009-08-17	19.0	21.0	43.0	8.0	1.024	7.7	600.0	31.0	8.2	989.6131	15.9655	72.36931064760664	7.212461	0.5627975	8.039317	2.358924781811408	2.085695000000001	13.2207185	7.768889	129.0	122.0	107.19605712621835	16.843	17.2699	8
2009-08-24	18.0	4.0	80.0	6.0	1.097		600.0	33.0	8.9	1006.625	15.82889	76.09120271271914	34.06894	0.9121101	0.004143722	2.0545564040326294	1.7527399999999993	5.0998645	2.924444	129.0	129.0	557.5754563152741	16.7631	17.257	8
2009-08-27	23.0							36.0		997.8087	15.78346	89.39341630005418	38.97016	0.9046707	0.01431943	3.9700552015606485	1.184252500000003	20.178542	10.73185	129.0	132.0		16.8752	17.2681	8
2009-08-31	15.0	14.0	130.0	6.0	1.389	7.7	600.0	29.0	8.8	997.2458	14.08308	85.82630869165551	49.54233	0.8888227	0.0004946836	4.760508163993525	0.010644999999998461	15.604566499999999	8.788148	129.0	136.0	0.23173880086302304	19.0	19.0	8
2009-09-07	15.0	7.0	190.0	7.0	1.5		550.0	26.0	10.2	1001.927	13.60529	85.71762893673605	33.73591	0.8166298	0.3751238	3.9981867934935207	0.08742499999999964	21.050764	8.02963	129.0	143.0	7.810602731477778	19.0	19.0	9
2009-09-14	13.0	12.0	300.0	8.0	1.672	7.7	700.0	27.0	10.7	1020.994	12.87788	69.530734827646	30.38991	0.5927302	0.3589572	2.9940458970281756	0.03032499999999949	5.3385465	1.685926	129.0	150.0	4.819614648488213	19.0	19.0	9
2009-09-21	12.0	13.0	340.0	5.0	1.087		800.0	25.0	10.6	1002.396	11.30817	79.41703134122437	70.34151	0.4217071	0.01862176	3.7084231585524323	0.008317500000000422	3.3963275000000004	1.925926	129.0	157.0	0.11632521067523012	19.0	19.0	9
2009-09-28	11.0	4.0	370.0	9.0	1.324	7.6	800.0	25.0	11.1	993.6248	11.42262	58.43288243138683	106.8778	0.2548678	0.0	3.520178123724565	0.015349999999999753	2.378353	1.336296	129.0	164.0	0.0799796168323325	19.0	19.0	9
2009-10-05	11.0	6.0	350.0	5.0	1.057		800.0	25.0	11.2	994.4379	6.639643	64.8360488192002	61.69335	0.2877378	0.2804425	2.125590538201975	0.0035644999999995264	1.967983	1.454815	129.0	171.0	0.028706803979086114	19.0	19.0	10
2009-10-12	9.1	4.0	355.0	7.0	0.867	7.5	700.0	23.0	13.1	1007.208	4.933319	75.43326145598937	80.39046	0.4731603	0.3386876	3.5798331764451667	0.00963024999999984	3.0682845	1.194074	129.0	178.0	3.2253338713570345	19.0	19.0	10
2010-04-26	4.7	9.0	825.0	15.0	3.765		1200.0	35.0	11.7	1008.979	7.177566	72.77785110471602	55.50429	0.8021252	0.8302718	1.6082766980088625	0.12625875000000075	5.950662	2.598519	128.0	2.0	12.948036609404907	19.0	19.0	4
2010-05-03	8.2	7.0	820.0	11.0	3.716	8.3	1100.0	31.0	12.4	1005.051	6.933576	51.05369224804518	95.52922	0.4579667	0.9880626	0.7426174951861153	0.8809492500000005	7.594438	3.44	128.0	9.0	16.468305304320246	8.1944	8.1944	5
2010-05-10	7.3	10.0	760.0	10.0	3.509		1100.0	26.0	12.6	990.7825	6.737196	61.57451145016945	31.43838	0.5298992	8.828609	1.8612250072600034	1.7869260000000011	5.169023999999999	2.565926	128.0	16.0	71.15496941920912	15.530999999999999	15.7807	5
2010-05-18	7.2	10.0	700.0	7.0	2.998	7.9	1000.0	26.0	12.7	1009.475	14.79638	65.10132004487131	175.88	0.542074	0.0	3.501922862561466	2.702147499999999	7.8509265	5.638518	128.0	24.0	126.3773363628623	5.7065	5.7799	5
2010-05-25	7.1	11.0	650.0	8.0	2.713		1000.0	24.0	12.0	989.9453	9.541203	57.58082485848902	15.26531	0.8080741	0.0002235351	3.6138758286312216	5.922308499999998	37.037195999999994	7.671111	128.0	31.0	20.423889658919496	4.7734	5.2555	5
2010-05-31	9.3	11.0	610.0	6.0	2.229	8.2	1000.0	21.0	12.0	1004.99	15.65794	49.06812755659198	9.921429	0.2172225	0.2349592	1.5585420053480274	6.395775	6.7478955	2.773333	128.0	37.0	833.4016550728118	6.3576	7.1705	5
2010-06-07	12.0	13.0	610.0	4.0	1.656		1000.0	22.0	9.5	995.2535	15.32125	67.34067213311386	21.5998	0.7845419	0.003702809	1.4749913676696587	9.227987500000001	3.4406085	1.997037	128.0	44.0	29.548923546191407	5.2971	5.7976	6
2010-06-14	12.0	10.0	525.0	4.0	1.188	7.9	900.0	23.0	8.2	1002.748	12.43018	64.71258395709438	7.180894	0.5751951	6.176885	2.2386409817078983	6.8824749999999995	10.658294	9.045926	128.0	51.0		6.3971	7.2809	6
2010-06-21	14.0	8.0	450.0	6.0	0.859		800.0	25.0	9.4	1006.726	14.82289	50.68073685873138	18.34156	0.1720155	4.772391	1.5070180256640893	6.430132500000001	4.920211500000001	4.148148	128.0	58.0	338.37933565968575	9.7448	10.267999999999999	6
2010-06-28	24.0	8.0	360.0	8.0	0.246	7.7	700.0	37.0	10.9	1008.455	16.57588	68.20232987037623	36.4592	0.6318405	0.1330929	3.138513722239009	9.074435	1.9511095	1.217778	128.0	65.0		7.3098	7.7903	6
2010-07-05	22.0	9.0	205.0	3.0	0.06		700.0	21.0	8.8	1000.773	17.78602	70.70399144358693	21.39434	0.6480949	5.997994	4.9607338202229725	9.716452499999999	1.757406	2.637037	128.0	72.0	137.8769986591346	8.2952	8.8065	7
2010-07-12	22.0	11.0	170.0	5.0	0.051	7.9	500.0	35.0	9.2	1003.778	19.02836	65.01723165531418	35.20204	0.7451409	0.2002523	2.193423351779715	8.7805425	1.577036	2.672592	128.0	79.0		10.3651	11.2384	7
2010-07-19	16.0	29.0	145.0	8.0	0.125		400.0	44.0		1007.105	16.30466	85.4557682684027	91.70425	0.7674707	0.005195167	4.696542703297927	7.591044999999999	4.284133499999999	4.420741	128.0	86.0	132.63645372356166	11.7777	12.273	7
2010-07-26	17.0	26.0	115.0	5.0	0.899	7.4	600.0	35.0	8.2	997.5841	14.60757	89.38437358302454	81.26809	0.9773235	0.01722858	1.5734518446908377	5.852859999999998	3.1988864999999995	3.807407	128.0	93.0	402.8837013125982	13.085	13.7464	7
2010-08-03	3.6	23.0	81.0	8.0	0.372		600.0	19.0	8.8	998.0974	16.11076	77.50611599718654	52.34313	0.5331771	0.9351889	1.992193627780756	5.468875000000002	7.542705	5.831111	128.0	101.0		14.2536	14.8	8
2010-08-09	12.0	13.0	55.0	7.0	0.412	7.9	600.0	30.0	9.5	997.9886	19.62427	73.91637039375532	153.8604	0.8795767	0.01171719	0.37671870023842724	6.816165	8.211666500000002	6.663704	128.0	107.0		13.8452	14.8507	8
2010-08-16	13.0	18.0	86.0	8.0	0.553		700.0	27.0	10.0	1007.875	18.71683	66.47232995810127	138.9083	0.7460271	0.01417301	3.6412338704852507	5.9264600000000005	11.4525455	8.133333	128.0	114.0	71.43906033820649	13.548	14.9401	8
2010-08-31	12.0	45.0	290.0	7.0	0.881	8.1	800.0	26.0		1004.514	12.50685	79.42264918432944	9.105542	0.5219744	0.9712255	1.6407669908276556	0.0695250000000005	21.780906	12.05926	128.0	129.0	6.3866413431791385	19.0	19.0	8
2010-09-06	11.0	14.0	355.0	7.0	0.378	8.0	700.0	22.0	11.1	1016.017	13.93439	77.09371547173016	14.60875	0.6471724	0.13561	1.6814214537664136	0.9576699999999985	7.65911	3.946667	128.0	135.0	0.1522323410561909	1.75	2.1054	9
2010-09-14	11.0	22.0	355.0	8.0	0.493	7.7	900.0	24.0	9.0	986.6663	14.22379	84.03447658518652	21.6285	0.6211905	0.001345306	5.359373752537078	0.0005174999999990604	9.77494	4.533333	128.0	143.0	0.07300253417404294	19.0	19.0	9
2010-09-20	11.0	11.0	500.0	6.0	0.536		900.0	19.0	11.6	992.2337	9.391501	87.02345027411991	6.74592	0.95162	1.515571	1.1136290744078525	0.017992500000000078	9.455803	6.503704	128.0	149.0	1.315631963601719	19.0	19.0	9
2010-09-27	6.9	28.0	430.0	1.0	0.625	8.3	900.0	24.0	8.2	1010.286	8.276139	66.94710481579916	30.39912	0.3537389	0.09637747	4.351922621672517	0.0010952500000005472	15.9317125	8.462222	128.0	156.0	0.017700615684718573	19.0	19.0	9
2010-10-04	5.4	33.0	520.0	9.0	1.662		900.0	21.0		999.9478	11.54994	84.06651837661306	47.85494	0.9988955	0.0003290945	4.374357362502519	0.011931999999999832	23.798323500000002	10.48889	128.0	163.0	0.05339520504195546	19.0	19.0	10
2010-10-11	5.0	30.0	555.0	9.0	1.824	8.6	1000.0	24.0		1009.97	3.213484	83.81595060361555	38.07973	0.1638988	2.486873	0.7936829706205433	0.030488000000001847	14.642846	6.894815	128.0	170.0		19.0	19.0	10
2011-04-26	12.0	2.0	650.0	11.0	3.514		1100.0	31.0	11.3	1012.489	9.134818	65.25434064917903	53.43448	0.9126803	0.03161003	2.245639419259254	7.159902	7.017801500000001	2.124444	155.0	3.0	180.80306023364346	2.3827	3.0803	4
2011-05-03	13.0	11.0	680.0	10.0	3.751	8.7	1100.0	27.0	11.3	1007.185	4.934499	67.51325048049212	14.65018	0.6165535	4.924572	2.003010828553106	7.170036500000001	4.7382405	2.506667	155.0	10.0	6.629573506335678	4.8136	5.2619	5
2011-05-09	8.2	3.0	635.0	7.0	3.237		1100.0	27.0	10.8	1020.315	14.27005	59.2307453319692	60.15926	0.03778001	0.01925739	0.7982957762859578	10.943226	3.431975	1.68	155.0	16.0	15.349767217422233	2.7863	3.2504	5
2011-05-18	10.0	2.0	535.0	6.0	2.773	8.4	1000.0	22.0	9.78	996.1031	9.515215	80.75775903832643	99.09727	0.8228434	0.0008127115	3.687293387594956	9.530757000000001	6.332622	6.216296	155.0	25.0	58.528452819421666	6.3614	7.196000000000001	5
2011-05-23	11.0	8.0	570.0	6.0	2.717		1000.0	24.0	9.7	998.2772	11.70605	71.01057831808761	42.39486	0.5881138	0.5810934	6.271270326198672	8.682398	7.5466045	7.6	155.0	30.0	23.757378229654005	10.293	10.783	5
2011-05-30	15.0	3.0	535.0	7.0	2.048	8.0	1100.0	25.0	10.0	997.9282	12.42565	67.1267261121973	52.34313	0.4850368	0.9351889	4.058718644354891	7.949886000000002	7.963489999999999	7.502222	155.0	37.0	188.10733576132498	15.3309	16.1353	5
2011-06-06	13.0	3.0	480.0	5.0	1.095		1000.0	27.0	9.7	995.0059	17.16989	81.5719011989458	123.2606	0.924242	0.07120956	2.7424256125271653	13.237593	5.279158	5.771852	155.0	44.0	14.176476510473966	4.8187	5.2938	6
2011-06-14	17.0	3.0	450.0	5.0	0.627	8.5	1700.0	28.0	9.2	995.924	14.93193	67.9852610078351	31.43838	0.6620636	8.828609	3.1768033875846013	11.113584500000002	19.088839999999998	9.89037	155.0	52.0	202.322911600517	9.7659	10.2555	6
2011-06-20	14.0	4.0	425.0	5.0	0.583		900.0	23.0	9.1	990.3043	15.1694	78.3190593294623	177.7697	0.5956869	0.01674219	1.1171396935951923	9.633558999999998	19.8011965	13.31556	155.0	58.0	493.5236568968499	10.75	11.248	6
2011-06-27	14.0	8.0	420.0	5.0	0.411	9.04	900.0	26.0	9.1	1010.336	15.11154	89.67602883745842	9.105542	0.834865	0.9712255	3.496617386544779	10.155816999999999	11.890579	8.020741	155.0	65.0		10.2515	11.1974	6
2011-07-04	21.0	9.0	345.0	6.0	0.324		900.0	27.0	9.0	1003.316	19.43494	68.40871188034285	13.15937	0.7157596	0.254131	1.7641262255318497	10.618590000000001	6.2371574999999995	4.121481	155.0	72.0	121.5985919672409	9.2401	9.7916	7
2011-07-12	21.0		305.0	2.0	0.875	8.34	800.0	34.0	8.1	1002.701	15.93875	72.5585091014774	21.5998	0.4250438	0.003702809	1.7154627260474766	10.003915000000001	5.245698	4.165926	155.0	80.0		9.4383	10.2708	7
2011-07-18	20.0	17.0	290.0	9.0	0.505		800.0	27.0	7.56	987.4659	16.08447	81.87340634020948	7.212461	0.7889192	8.039317	2.144338391422632	7.323364999999997	10.170540999999998	7.949629	155.0	86.0	447.3348724885277	11.3748	11.9161	7
2011-07-25	21.0	14.0	270.0	3.0	0.361	7.9	800.0	30.0	7.8	995.9763	15.39058	83.49158704682732	34.06894	0.8816307	0.004143722	2.108089194109443	5.8502425	39.4679825	27.77185	155.0	93.0	211.7953151525926	12.8805	13.6374	7
2011-08-01	16.0	6.0	270.0	5.0	0.539		745.0		7.3	1005.812	20.24289	74.59947932226217	49.54233	0.6307006	0.0004946836	1.2960240874417768	10.563962499999995	11.944643	7.928889	155.0	100.0	101.07229279540542	1.6389	2.4844	8
2011-08-08	6.1	33.0	285.0	7.0	0.817	8.3	700.0	26.0	6.7	984.4659	14.9734	77.46176268828653	33.73591	0.6526322	0.3751238	3.8567693081662275	5.6983525	13.329532500000001	10.09778	155.0	107.0	219.96913690929895	12.8797	13.761	8
2011-08-15	7.3	52.0	310.0	7.0	1.153	8.2	800.0	26.0	7.2	995.5269	16.69929	89.96891222632856	30.38991	0.8412871	0.3589572	1.1953063051049801	3.9676525000000016	18.333323	10.35259	155.0	114.0	575.4518123628635	13.7254	14.7959	8
2011-08-22	12.0	16.0	350.0	5.0	1.863		800.0	22.0	7.67	1001.092	16.15199	75.95318177916293	70.34151	0.3460298	0.01862176	1.081182008839053	3.118735000000001	11.8190655	8.10963	155.0	121.0	423.5150232034248	14.9642	15.7842	8
2011-08-29	11.0	17.0	360.0	7.0	1.379	8.0	800.0	23.0	7.8	987.2485	13.02731	87.50477077181586	106.8778	0.9329556	0.0	3.3735452798745715	1.9635449999999999	32.4126425	12.15704	155.0	128.0	110.74796121086105	16.3506	16.7711	8
2011-09-05	13.0	13.0	410.0	4.0	1.356		900.0	24.0	8.18	994.5079	16.55029	93.62455863561978	61.69335	0.9857942	0.2804425	3.0940198239989365	0.46431749999999816	32.577347	13.66815	155.0	135.0	747.2834002305412	19.0	19.0	9
2011-09-12	11.0	3.0	730.0	10.0	3.185	9.0	1100.0	23.0	8.3	983.8719	14.23557	89.19220800649647	80.39046	0.9502732	0.3386876	4.287967585012091	0.004182499999998868	61.76476100000001	20.00889	155.0	142.0	148.78532637598573	19.0	19.0	9
2011-09-19	8.1	13.0	620.0	10.0	2.944	10.0	1100.0	29.0	8.06	993.0817	12.66667	86.74295471846894	151.0088	0.824697	0.07950214	2.3970179419447737	0.0001774999999994975	49.3857395	20.3763	155.0	149.0	0.019559039517183713	19.0	19.0	9
2011-09-26	7.1	4.0	615.0	10.0	2.94		1200.0	32.0	8.6	1003.575	12.87011	86.91328723807331	178.1192	0.7010276	0.0	3.8349969139681193	0.006507499999999666	14.9022815	8.625185	155.0	156.0	0.3358002926391553	19.0	19.0	9
2011-10-03	4.8	50.0	625.0	12.0	3.673	11.9	1100.0	32.0	8.3	997.1117	12.43284	89.36883991608423	178.3383	0.8453449	0.221393	1.4815190395334108	0.4261499999999998	11.863368999999999	3.499259	155.0	163.0	573.3728518873563	19.0	19.0	10
2011-10-11	4.4		620.0	15.0	3.816		1100.0	27.0		984.7501	6.995937	70.10147207433695	14.60875	0.2984608	0.13561	2.769287914384355	0.004206749999999815	8.797025	2.998519	155.0	171.0	0.023039920956838156	19.0	19.0	10
2011-10-17	5.7		610.0	13.0	3.568	11.3	1200.0	28.0	9.6	999.6406	9.720695	86.73442237093106	18.51676	0.8734653	0.003329429	4.8862635052647905	0.010147250000000163	10.833136	2.580741	155.0	177.0	0.420771311321345	19.0	19.0	10
2012-04-16	7.1	14.0	600.0	11.0	5.469		1100.0	28.0	11.4	998.3925	2.792709	81.73122032815176	193.4123	0.6908455	0.0	1.4556082895078444	0.11633499999999941	9.592649	5.274074	107.0	19.0		19.0	19.0	4
2012-04-23	7.0	12.0	560.0	10.0	4.616	9.1	1000.0	25.0	11.2	991.3937	6.514878	86.21052245376441	15.28736	0.7965659	0.0002818595	0.772370155494074	0.005852499999999594	20.066907	12.04741	107.0	26.0	0.28557783753892413	19.0	19.0	4
2012-04-30	7.1	15.0	630.0	9.0	4.348		1100.0	18.0	11.1	1011.682	8.375293	63.48548767837618	9.921429	0.6653331	0.2349592	1.6646357429540226	1.6693277499999999	14.74551	8.874074	107.0	33.0	22.74464594696945	10.3273	10.3273	4
2012-05-07	6.9	9.0	585.0	10.0	4.42	8.9	1200.0	29.0	10.65	1003.288	6.791826	56.13938696242517	21.5998	0.2599693	0.003702809	1.5824918030597472	4.297496500000001	9.241154	5.167407	107.0	40.0	60.78138240044609	8.8621	9.2605	5
2012-05-14	9.3	14.0	635.0	11.0	4.28		1200.0	27.0	10.36	994.9039	9.209476	73.05588365759519	7.180894	0.7688561	6.176885	8.174771570048915	3.4020899999999994	15.2372225	8.589629	107.0	47.0	34.18975286003801	17.75	18.75	5
2012-05-21	8.7	14.0	610.0	9.0	4.65	8.7	1000.0	35.0	10.13	1004.065	16.43418	65.67597602079906	18.34156	0.3368741	4.772391	2.606299575249361	4.229614999999999	11.203332000000001	5.804444	107.0	54.0	0.769783024060709	2.25	2.7289999999999996	5
2012-05-29	8.2	19.0	580.0	9.0	3.7		1000.0	32.0	9.13	1001.007	11.30414	38.64317535383301	28.98576	0.5050122	0.2404263	1.896653403902487	7.8721475000000005	4.085628	1.588148	107.0	62.0	455.67366744012025	3.7819	4.2714	5
2012-06-04	11.0	24.0	585.0	8.0	3.28	8.7	1000.0	27.0	9.2	990.6105	10.72901	68.95057329726127	21.39434	0.7218056	5.997994	1.1377797250954378	4.5363825	3.1451819999999997	1.985185	107.0	68.0	141.81094542157317	8.8211	9.2801	6
2012-06-11	28.0	15.0	510.0	7.0	2.71		1000.0	25.0	9.57	991.3333	14.52712	74.81007659007517	35.20204	0.5880727	0.2002523	0.6148318432332753	6.182655000000002	2.5070449999999997	2.127407	107.0	75.0		7.358	7.8452	6
2012-06-18	16.0	24.0	485.0	7.0	2.669	8.5	900.0	22.0	9.06	1001.462	13.49401	83.97724836136109	91.70425	0.9269099	0.005195167	3.6541151565488463	5.31419	9.036622000000001	7.828148	107.0	82.0	249.58008323320783	10.7872	11.261	6
2012-06-25	18.0	17.0	400.0	6.0	1.481		1000.0	22.0	8.95	990.2518	13.84395	84.75385092151795	81.26809	0.9976676	0.01722858	3.1264028324738065	5.078692500000001	12.106511999999999	10.04741	107.0	89.0		11.8038	12.2855	6
2012-07-02	18.0	26.0	360.0	9.0	1.168	8.2	800.0	26.0	8.8	1002.275	14.83139	73.41767877583979	44.20342	0.2879944	1.109824	4.324292394448021	5.35928	12.42836	8.234074	107.0	96.0	106.47308204745548	13.7604	14.2528	7
2012-07-09	26.0	16.0	290.0	5.0	0.714		1100.0	27.0	8.8	991.3389	18.22091	82.32070566554957	153.8604	0.7786685	0.01171719	1.3178686018993888	7.601117499999997	8.465894999999998	5.045926	107.0	103.0		5.3273	5.7633	7
2012-07-16	25.0	32.0	285.0	9.0	1.15	8.3	900.0	26.0		993.0291	15.90777	55.65740114609108	138.9083	0.5328231	0.01417301	2.4566598122458876	6.320594999999997	12.2295465	5.481482	107.0	110.0	129.82688073719314	13.9744	14.7778	7
2012-07-23	16.0	32.0	230.0	10.0	1.18		800.0	32.0	8.2	1002.287	16.37099	86.39111125468109	117.267	0.9739817	0.05070828	5.594904232695766	5.1089175000000004	10.411277	6.417778	107.0	117.0	70.67014417396337	14.7936	15.2757	7
2012-07-30	12.0	41.0	225.0	9.0	1.07	8.5	900.0	31.0	8.09	998.2332	15.85696	68.92760173072891	209.0685	0.5865695	0.002586096	2.8095571875438683	5.274107500000001	19.030303	8.998518	107.0	124.0	905.0693715995994	15.937000000000001	17.1738	7
2012-08-06	14.0	31.0	330.0	9.0	1.237		800.0	29.0	8.1	994.7891	15.31742	90.45665441003986	14.60875	0.9946321	0.13561	1.6162427060932898	0.0032125000000036152	16.3387395	10.09481	107.0	131.0	0.11536060813454296	19.0	19.0	8
2012-08-13	14.0	16.0	340.0	7.0	1.087	8.5	800.0	26.0	8.1	1011.255	17.16875	79.0054824546807	20.64251	0.6190231	0.0	1.246407053753885	1.252577500000001	8.676665	5.742222	107.0	138.0	6.721476783718621	4.9532	4.9532	8
2012-08-20	15.0	17.0	290.0	8.0	1.036		800.0	36.0	7.2	1004.106	17.48236	85.71059390715968	6.74592	0.8457349	1.515571	2.5881169886183684	1.9070174999999985	6.306111	4.85037	107.0	145.0	4.5815902260173065	6.3985	6.7915	8
2012-08-27	12.0	37.0	345.0	9.0	1.37	8.2	800.0	27.0	7.1	1004.18	11.91662	61.553419220750506	30.39912	0.2566619	0.09637747	0.8692621611035534	0.019830000000002457	6.983964	4.45037	107.0	152.0	7.054011884324472	19.0	19.0	8
2012-09-03	15.0	34.0	335.0	9.0	1.443		900.0	22.0	8.09	1003.829	15.93143	68.34340425613742	47.85494	0.4186575	0.0003290945	2.716043079426392	0.07448750000000004	3.1850940000000003	2.237037	107.0	159.0	2.008412275692207	19.0	19.0	9
2012-09-10	12.0	28.0	365.0	8.0	1.306	8.0	900.0	21.0	8.67	995.473	16.03309	85.45452931075897	38.07973	0.8331701	2.486873	4.271884407262936	0.04098000000000113	2.147626	1.472593	107.0	166.0	27.623744996047336	19.0	19.0	9
2012-09-17	11.0	21.0	375.0	10.0	1.68		1000.0	19.0	9.21	988.6459	13.04054	71.3976143544602	24.34749	0.4559185	0.4354392	4.736498383505266	0.01454500000000003	7.5922149999999995	3.653333	107.0	173.0	0.15198788603421562	19.0	19.0	9
2012-09-24	8.5	29.0	365.0	11.0	2.33	7.9	800.0	25.0	9.28	1000.868	8.797645	68.22190153161287	58.09535	0.6381887	0.05526595	3.0974835263113185	0.02625499999999903	8.022058000000001	5.730371	107.0	180.0	0.29555314618380335	19.0	19.0	9
2012-10-01	6.4	23.0	420.0	10.0	2.49		900.0	18.0	9.5	994.3527	12.65559	86.17223542686372	101.5531	0.8902049	0.009475022	4.243636212306729	0.019341749999998825	20.2592805	10.40889	107.0	187.0	0.5667543810371592	19.0	19.0	10
2012-10-08	6.4	19.0	540.0	11.0	2.75	8.5	1000.0	23.0	9.3	991.7184	8.241166	70.92033167030046	51.99841	0.6278898	0.2569982	1.9261984903164677	0.006329749999999024	17.358052	8.749629	107.0	194.0	0.06617101048452097	19.0	19.0	10
2013-05-07	9.4	21.0	500.0	13.0	3.03	8.7	1000.0	34.0	11.1	1009.03	12.0516	67.85921164188966	95.52922	0.1743205	0.9880626	2.3624058847204137	0.43796199999999885	8.4568915	2.684444	126.0	11.0	33.47324943609397	19.0	19.0	5
2013-05-13	9.3	23.0	525.0	14.0	4.881	8.8	1000.0	26.0	10.5	992.7869	7.717653	85.79817944087273	85.56023	0.777111	0.1279926	4.427714311504595	0.017779999999998353	15.3465845	6.989629	126.0	17.0	274.1523550070888	19.0	19.0	5
2013-05-27	10.0	17.0	565.0	10.0	4.24	8.8	1000.0	28.0	9.7	999.9961	13.75803	79.35859935924204	9.105542	0.8592051	0.9712255	1.8172441039217708	6.27792	13.9214875	4.66963	126.0	31.0	13.939801474548553	5.25	5.747999999999999	5
2013-06-10	17.0	20.0	565.0	7.0	3.398	9.6	1200.0	25.0	9.3	1000.143	15.47963	51.69258025050518	21.6285	0.2661757	0.001345306	2.3194633821030006	8.056142500000002	4.829582	1.908148	126.0	45.0	909.9945270655019	8.3552	9.2237	6
2013-06-24	17.0	31.0	505.0	7.0	2.6	9.2	1100.0	26.0		1000.635	14.43091	84.57279543541063	34.06894	0.657255	0.004143722	3.1236376310324876	6.517872500000001	16.9717025	9.357037	126.0	59.0		11.7862	12.2673	6
2013-07-08	16.0		540.0	8.0	2.43	9.2	1000.0	32.0	9.0	1018.715	17.57345	50.70950912999388	33.73591	0.2938128	0.3751238	1.4350652364749172	7.343872500000002	6.866232	3.034074	126.0	73.0		13.5196	14.7537	7
2013-07-22	27.0	19.0	425.0	9.0	1.71	8.8	900.0	30.0	8.3	1010.238	19.17307	41.14409920042926	70.34151	0.2576147	0.01862176	2.5249715847456584	9.3284175	2.4846025	1.419259	126.0	87.0	223.1606808983699	12.9224	14.8677	7
2013-08-05	30.0	25.0	295.0	10.0	0.847	9.1	800.0	27.0	8.0	1006.801	17.52582	73.0878934502867	61.69335	0.7612886	0.2804425	3.137824192612639	6.768815	1.6885305	1.324444	126.0	101.0		12.444	13.2431	8
2013-08-19	11.0	52.0	200.0	10.0	0.701	8.6	800.0	28.0	8.0	999.1463	15.18865	69.2134177113496	151.0088	0.1405197	0.07950214	3.464003753688786	0.023704999999999643	5.4674225000000005	4.180741	126.0	115.0	0.6426281560360032	19.0	19.0	8
2013-09-02	13.0	49.0	125.0	8.0	0.646	8.8	600.0	28.0	8.0	995.2872	14.20095	57.62380105605909	178.3383	0.3776011	0.221393	1.489613722852569	0.02635500000000235	1.2784689999999999	0.7022222	126.0	129.0	5.554111165553492	19.0	19.0	9
2013-09-20	9.3	53.0	95.0	7.0	0.932	8.1	600.0	25.0		999.7213	9.217766	84.29522389228765	20.77313	0.654542	0.0003345093	0.3868192029444853	0.08463499999999868	1.1880647	0.6755555	126.0	147.0		19.0	19.0	9
2013-09-30	8.4	50.0	100.0	8.0	1.13	8.4	600.0	21.0	8.8	1012.301	7.007701	79.51994282054412	34.61536	0.563386	5.393629e-05	1.0729174961272698	0.051367000000002605	0.8579555000000001	0.4296296	126.0	157.0	3.4065029716139135	19.0	19.0	9
2013-10-14	6.4	45.0	180.0	8.0	1.283	7.7	700.0	24.0	9.9	1010.343	7.262806	87.49511354826376	9.707188	0.744631	19.02699	1.4075416315216436	0.013104000000000227	1.6259268	0.6044444	126.0	171.0	0.6667953705627576	19.0	19.0	10
2014-04-29	6.2	19.0	585.0	13.0	4.37	7.6	900.0	30.0	10.7	1000.247	8.788262	58.837018556743885	28.98576	0.5277428	0.2404263	2.6968169961856066	6.059345500000001	5.045904999999999	2.325926	88.0	48.0	45.785981975045495	4.4024	4.7967	4
2014-05-13	11.0	12.0	540.0	12.0	4.19	7.8	900.0	28.0	10.3	995.785	9.935578	81.30886461399317	60.15926	0.8951963	0.01925739	1.9175876846008608	0.7969252499999993	10.248633000000002	8.127407	88.0	62.0	386.69806028121025	17.2869	17.2869	5
2014-05-27	8.6	22.0	460.0	6.0	2.3	7.7	900.0	19.0	9.3	1014.454	13.19795	52.08255336065337	42.39486	0.6220379	0.5810934	3.9664699956533136	8.967324499999997	5.6291915	4.334815	88.0	76.0	5.456609618542297	5.2777	5.7534	5
2014-06-10	17.0	18.0	275.0	6.0	0.79	7.7	800.0	23.0	9.0	1009.21	20.10635	56.042412173472336	123.2606	0.5970611	0.07120956	1.924465777294052	11.369772000000001	2.5342965	1.771852	88.0	90.0	50.48961340836459	6.3552	7.9509	6
2014-06-24	17.0	37.0	205.0	8.0	0.315	7.6	700.0	30.0	8.7	1004.695	15.31686	47.56978040482239	177.7697	0.3035274	0.01674219	0.9703527136589047	7.723734999999998	1.6462095	1.152593	88.0	104.0		10.814	11.5866	6
2014-07-08	14.0	35.0	80.0	7.0	0.073	7.9	700.0	27.0	7.7	1005.478	20.68809	79.36445677261922	13.15937	0.8634543	0.254131	2.332513143181191	9.7999725	3.661805	6.10074	88.0	118.0	134.9977201929475	12.015999999999998	13.3255	7
2014-07-24	13.0	28.0	63.0	7.0	0.509	7.9	600.0	25.0	6.1	1011.259	24.12883	54.052881984033654	24.17931	0.4638762	0.8603432	0.5536300480959194	14.267105000000003	1.0673439999999998	1.054815	88.0	134.0	139.21193136195902	2.7687	3.3456	7
2014-08-05	12.0	20.0	2.0	7.0	0.712	7.6	400.0	28.0	6.8	1002.724	18.07433	75.85427765640127	49.54233	0.993039	0.0004946836	1.7544847024502779	9.56838	1.855157	2.242963	88.0	146.0	774.719266204563	9.8061	10.645999999999999	8
2014-08-19	16.0	26.0	13.0	6.0	0.857	7.7	300.0	29.0	7.9	980.1287	13.73138	82.934734263407	30.38991	0.8016393	0.3589572	0.6940798566118815	4.627487499999999	12.647305	7.807407	88.0	160.0		14.302999999999999	14.793	8
2014-09-02	14.0	5.0	36.0	5.0	0.756	7.6	400.0	19.0	8.8	1012.066	15.60817	82.24903461560052	106.8778	0.739448	0.0	2.7761335686991	2.2484424999999977	2.8950095	1.872593	88.0	174.0	236.56139859668377	16.0878	16.7384	9
2014-09-16	11.0	46.0	99.0	5.0	0.862	7.3	500.0	17.0		1016.758	12.53097	79.35822179906113	80.39046	0.51564	0.3386876	1.649089933307459	0.1089525000000009	1.5141855000000002	0.7022222	88.0	188.0	2.793016422876962	19.0	19.0	9
2014-09-30	11.0	21.0	106.0	5.0	0.933	7.2	500.0	21.0	9.7	1015.16	8.981337	74.70901115133356	178.1192	0.3180628	0.0	1.3727695327707452	0.016664999999999708	1.0620413000000002	0.5422222	88.0	202.0	0.5569659101082989	19.0	19.0	9
2014-10-14	6.6	32.0	192.0	9.0	1.61	8.2	700.0	26.0	9.8	1001.998	6.989973	86.37227714630573	10.50302	0.6974497	2.05926	2.1972996720275204	0.0021725000000003547	40.775985999999996	12.18074	88.0	216.0	0.1209929695329308	19.0	19.0	10
2015-04-29	6.0	16.0	660.0	4.3	6.2	8.9	830.0	40.0	10.94	998.2428	5.855347	68.60710565313565	15.26531	0.6352202	0.0002235351	3.5837600173856505	0.06502174999999966	3.2129345	1.706667	81.0	47.0	1.7983688526348696	19.0	19.0	4
2015-05-13	4.6	16.0	700.0		4.7		820.0	23.0	10.42	991.8313	10.40483	63.205427552808125	20.77313	0.4416001	0.0003345093	1.9234148132407631	0.3662574999999997	20.6260325	9.413333	81.0	61.0	9.034013146305414	19.0	19.0	5
2015-05-27	11.0	7.0	570.0	3.7	1.8	8.3	790.0		10.39	998.6532	11.83544	56.653555466094794	26.97036	0.224003	4.670365	1.3388319224253549	1.435599999999999	8.6220085	5.031111	81.0	75.0	13.58348601828197	8.2665	8.2665	5
2015-06-09	14.0	6.4	710.0	6.0					9.48	1016.847	13.34266	55.961828558893444	21.39434	0.658657	5.997994	2.5525562751338122	2.038779999999999	12.603351	7.76	81.0	88.0	230.44216811253676	17.7655	17.9254	6
2015-06-24	18.0	12.0	540.0	3.8	0.58	9.1	760.0	20.0	9.76	994.2483	14.91067	79.44597212232482	73.40472	0.5948213	0.09868106	0.6515590252550953	4.194682499999999	4.847584	4.157037	81.0	103.0	524.5449786850194	6.3254	6.7636	6
2015-07-06	17.0	13.0	450.0	2.7	0.5		710.0	25.0	8.72	992.0623	17.51843	74.23703178101965	61.69335	0.7598169	0.2804425	3.7164866919024475	6.634669999999998	2.931477	5.448889	81.0	115.0	93.96609201019902	10.2733	11.1572	7
2015-07-22	23.0	23.0	330.0	3.8	0.74	7.9	630.0	22.0	8.53	993.3482	17.14602	63.201930741711564	85.56023	0.5725479	0.1279926	3.400997214084422	2.765062499999999	3.6442735	3.422222	81.0	131.0	90.31283442392507	14.8091	15.2629	7
2015-08-05	28.0	9.7	170.0	2.5	0.54		450.0		8.86	1001.929	16.85928	87.84045143242491	9.105542	0.7926343	0.9712255	3.8512102861367374	1.1373350000000002	17.199462	10.78519	81.0	145.0	506.7522381680556	10.9336	10.9336	8
2015-08-19	34.0	11.0	110.0	5.0	0.45	9.5	450.0	26.0	9.56	1014.745	17.39404	59.58803531647761	21.6285	0.0002495219	0.001345306	2.5876660582536943	2.1321024999999985	2.8576400000000004	1.342222	81.0	159.0	28.778526730802817	13.1003	13.7119	8
2015-09-02	15.0	41.0	180.0	4.3	0.8		520.0	29.0	8.22	994.1287	13.86155	89.93872299687541	34.06894	0.9414253	0.004143722	4.358476757723737	0.0157575000000012	56.3611985	18.52148	81.0	173.0	0.07515448776129598	19.0	19.0	9
2015-09-17	6.1	33.0	520.0	3.3	1.2	9.5	800.0	22.0	8.38	979.9592	14.34121	92.6177668508461	21.39434	0.9744493	5.997994	3.779708375314821	0.0052000000000003155	68.75101900000001	27.83704	81.0	188.0	0.07606865785004746	19.0	19.0	9
2015-09-30	5.2	35.0	660.0	5.4	1.7		680.0	30.0	8.07	1020.174	11.77091	81.48942711670334	70.34151	0.6024242	0.01862176	1.3733037284926595	0.09234749999999892	13.168211000000001	7.508148	81.0	201.0	7.8912406652706855	19.0	19.0	9
2015-10-14	3.2	20.0	690.0	4.9	1.9	11.0	870.0	28.0	8.58	1019.347	3.376049	88.54100217760555	61.69335	0.2475633	0.2804425	1.5989718584244565	0.002799249999999809	3.7201505	2.24	81.0	215.0	0.14120894880157228	19.0	19.0	10
2016-04-25	3.9	12.0	810.0	6.0	4.1	5.0	960.0	35.0	11.16																4
2016-05-09	6.4	8.1	810.0	4.0	3.7		1000.0	42.0	10.79																5
2016-05-23	5.6	17.0	800.0	5.6	3.3	9.0	1000.0	27.0	9.77																5
2016-06-06	6.7	8.8	640.0	4.8	1.7		890.0	26.0	9.73																6
2016-06-19	6.7	25.0	530.0	3.9	1.1	8.8	820.0	24.0	8.32																6
2016-07-04	12.0	15.0	430.0	4.2	0.93	8.4	750.0	21.0	8.63																7
2016-07-18	12.0	18.0	270.0	5.7	0.72	8.7		21.0	8.25																7
2016-08-02	14.0	15.0	130.0	3.9	0.67		480.0	20.0																	8
2016-08-15	16.0	7.8	110.0	3.6	0.74	5.9	520.0	25.0																	8
2016-08-29	7.8	39.0	100.0	3.5	0.73		470.0	29.0	7.57																8
2016-09-12	12.0	16.0	260.0	3.1	0.85		550.0	24.0	8.54																9
2016-09-26		40.0	190.0	3.9	0.87		560.0	15.0	7.97																9
2016-10-10	6.3	15.0	230.0	3.6	0.88		460.0	17.0	10.11																10
